start_year,end_year,fa_year,values_dollars,aav_dollars,player_id,approval status,support_id
2020,2025,2026,228200420,45640084,0,No,39
2020,2025,2026,215353664,53838416,1,Yes,30
2021,2026,2027,207060000,41412000,2,Pending,37
2017,2022,2023,206794070,41358814,3,Pending,31
2020,2025,2026,205000002,41000000,4,No,33
2016,2021,2022,201158790,40231758,5,No,34
2021,2026,2027,195921600,48980400,6,Pending,32
2020,2025,2026,194219320,48554830,7,Pending,32
2018,2023,2024,189903600,37980720,8,Yes,33
2019,2024,2025,189903600,37980720,9,Pending,31
2018,2023,2024,180000000,36000000,10,Yes,35
2018,2023,2024,177500000,35500000,11,Pending,36
2019,2024,2025,177243360,35448672,12,Yes,38
2019,2024,2025,176265466,44066367,13,Yes,33
2019,2024,2025,176265152,44066288,14,Pending,31
2019,2024,2025,176265152,44066288,15,Yes,31
2021,2026,2027,172550000,34510000,16,Yes,32
2021,2026,2027,172550000,34510000,17,Yes,39
2021,2026,2027,172550000,34510000,18,Pending,38
2016,2021,2022,171174820,34234964,19,Pending,30
2017,2022,2023,171131520,42782880,20,Pending,36
2017,2022,2023,171131520,42782880,21,Pending,35
2017,2022,2023,164255700,41063925,22,Yes,30
2020,2025,2026,163000300,32600060,23,Pending,30
2020,2025,2026,163000300,32600060,24,Yes,35
2020,2025,2026,163000300,32600060,25,No,32
2020,2025,2026,163000300,32600060,26,No,32
2016,2021,2022,159730592,39932648,27,Yes,36
2018,2023,2024,158253000,31650600,28,Pending,38
2018,2023,2024,158253000,31650600,29,Yes,33
2018,2023,2024,158253000,31650600,30,No,38
2019,2024,2025,158253000,31650600,31,Yes,31
2019,2024,2025,158253000,31650600,32,Pending,33
2016,2021,2022,153312846,38328212,33,Pending,37
2015,2020,2021,152605578,30521116,34,Pending,34
2017,2022,2023,147710050,29542010,35,No,34
2017,2022,2023,147710050,29542010,36,No,32
2017,2022,2023,147710050,29542010,37,Pending,36
2020,2025,2026,146396031,48798677,38,Yes,35
2018,2023,2024,140790600,35197650,39,Pending,34
2017,2022,2023,140790600,35197650,40,No,30
2015,2020,2021,139888445,27977689,41,No,32
2015,2020,2021,139000000,27800000,42,Pending,39
2016,2021,2022,136911936,34227984,43,No,37
2018,2023,2024,136905216,34226304,44,No,31
2017,2022,2023,136490600,34122650,45,Yes,35
2005,2010,2011,136434375,19490625,46,Yes,34
2019,2024,2025,134997333,33749333,47,No,35
2015,2020,2021,127829970,31957493,48,No,30
2015,2020,2021,127171313,25434263,49,Yes,35
2015,2020,2021,127171313,25434263,50,No,39
2015,2020,2021,127171313,25434263,51,No,32
2004,2009,2010,126588000,18084000,52,Pending,30
1998,2003,2004,126016300,21002717,53,Pending,34
2016,2021,2022,126000000,25200000,54,Pending,39
2020,2025,2026,125000000,25000000,55,Pending,33
2013,2018,2019,124064681,24812936,56,Pending,39
2010,2015,2016,123658089,20609682,57,Pending,39
2004,2009,2010,122007706,17429672,58,Yes,34
2017,2022,2023,120402172,30100543,59,No,38
2019,2024,2025,120000000,30000000,60,Pending,32
1997,2002,2003,120000000,17142857,61,Yes,32
2015,2020,2021,120000000,24000000,62,Pending,30
2018,2023,2024,120000000,30000000,63,Yes,36
2013,2018,2019,118705300,23741060,64,Pending,30
2007,2012,2013,118200000,19700000,65,Yes,34
2014,2019,2020,117964846,29491212,66,Pending,31
2017,2022,2023,117325500,29331375,67,Yes,30
2020,2025,2026,117089280,29272320,68,Pending,32
2002,2007,2008,116287500,16612500,69,Pending,33
2014,2019,2020,113326228,28331557,70,Pending,35
2014,2019,2020,113211750,22642350,71,Yes,35
2014,2019,2020,113211750,22642350,72,Yes,31
2005,2010,2011,111000000,18500000,73,Yes,30
2008,2013,2014,109837500,18306250,74,Pending,37
2008,2013,2014,109837500,18306250,75,No,32
2017,2022,2023,109000000,27250000,76,Pending,33
2012,2017,2018,107343477,21468695,77,Yes,36
2010,2015,2016,107186000,17864333,78,Yes,34
2015,2020,2021,106633449,26658362,79,Pending,35
2015,2020,2021,106524975,26631244,80,Yes,37
2018,2023,2024,106333334,26583334,81,Pending,34
1997,2002,2003,105375000,15053571,82,Yes,38
1997,2002,2003,105034200,15004886,83,Pending,30
2020,2025,2026,104720000,26180000,84,Pending,36
2003,2008,2009,103572000,17262000,85,Yes,32
2016,2021,2022,103137300,34379100,86,Pending,30
2015,2020,2021,102000000,25500000,87,Yes,35
2002,2007,2008,101141999,14448857,88,Yes,36
2004,2009,2010,101000000,20200000,89,Pending,37
2001,2006,2007,100387500,16731250,90,No,35
2020,2025,2026,100000000,20000000,91,Yes,32
2003,2008,2009,100000000,20000000,92,Pending,31
2014,2019,2020,100000000,33333333,93,No,30
2015,2020,2021,100000000,25000000,94,No,32
2015,2020,2021,100000000,25000000,95,No,34
2017,2022,2023,100000000,25000000,96,No,30
2018,2023,2024,100000000,33333333,97,Pending,39
2012,2017,2018,99857127,33285709,98,Yes,37
2009,2014,2015,99743996,19948799,99,Pending,34
2018,2023,2024,99666362,24916591,100,Pending,33
2011,2016,2017,98772325,19754465,101,Yes,33
2014,2019,2020,98419538,24604885,102,Pending,34
2020,2025,2026,96258694,24064674,103,Pending,35
2012,2017,2018,94538626,18907725,104,No,37
2014,2019,2020,94438525,23609631,105,No,37
2014,2019,2020,94438523,23609631,106,Yes,35
2014,2019,2020,94343126,18868625,107,Yes,37
2014,2019,2020,94343126,18868625,108,Yes,30
2011,2016,2017,94314380,18862876,109,No,33
2018,2023,2024,94000000,23500000,110,Pending,37
2001,2006,2007,93000000,13285714,111,Pending,37
2001,2006,2007,92960250,13280036,112,No,37
2001,2006,2007,92960250,13280036,113,Pending,32
2014,2019,2020,92339878,18467976,114,Yes,30
2013,2018,2019,91572660,18314532,115,Pending,34
2005,2010,2011,91000000,13000000,116,No,30
2020,2025,2026,90900000,22725000,117,Pending,38
2005,2010,2011,90100000,15016667,118,No,33
2014,2019,2020,90000000,30000000,119,Yes,36
2020,2025,2026,90000000,18000000,120,No,34
2017,2022,2023,90000000,18000000,121,No,33
2019,2024,2025,89910000,17982000,122,No,30
2010,2015,2016,89163134,17832627,123,Yes,35
1999,2004,2005,88500000,29500000,124,Yes,30
2013,2018,2019,87616050,21904013,125,Pending,36
2011,2016,2017,87591270,21897818,126,Yes,35
2020,2025,2026,86640001,21660000,127,No,39
2000,2005,2006,86630000,12375714,128,Pending,32
2005,2010,2011,86473000,14412167,129,Yes,34
2005,2010,2011,86435749,14405958,130,Yes,37
2002,2007,2008,86310000,14385000,131,No,34
2003,2008,2009,86310000,14385000,132,Yes,35
2017,2022,2023,85655532,42827766,133,Yes,32
2013,2018,2019,85591823,28530608,134,No,31
2014,2019,2020,85002250,17000450,135,Pending,38
2018,2023,2024,85000002,28333334,136,No,34
2017,2022,2023,85000000,21250000,137,Yes,30
2017,2022,2023,85000000,21250000,138,Yes,32
2015,2020,2021,85000000,17000000,139,Yes,39
2015,2020,2021,85000000,21250000,140,No,30
2018,2023,2024,85000000,21250000,141,Pending,35
2013,2018,2019,84789500,16957900,142,Pending,39
2005,2010,2011,84333334,14055556,143,Pending,30
2013,2018,2019,84072030,21018008,144,Pending,30
2016,2021,2022,84000000,21000000,145,Pending,36
2008,2013,2014,83547447,27849149,146,Yes,36
2007,2012,2013,83235900,16647180,147,No,39
2009,2014,2015,82302690,16460538,148,No,32
2014,2019,2020,82000000,16400000,149,Pending,35
2014,2019,2020,82000000,16400000,150,Pending,32
2018,2023,2024,81900000,27300000,151,Yes,32
2004,2009,2010,81000000,16200000,152,No,36
2003,2008,2009,80983603,11569086,153,Pending,36
2008,2013,2014,80500000,13416667,154,Yes,33
1997,2002,2003,80327147,11475307,155,Pending,33
2019,2024,2025,80000000,20000000,156,No,36
2008,2013,2014,80000000,20000000,157,No,32
1998,2003,2004,80000000,13333333,158,Yes,32
2014,2019,2020,80000000,20000000,159,Yes,34
2014,2019,2020,80000000,16000000,160,Yes,35
2016,2021,2022,80000000,20000000,161,Pending,37
2017,2022,2023,80000000,20000000,162,Pending,32
2019,2024,2025,80000000,16000000,163,Yes,38
2006,2011,2012,79989750,15997950,164,No,34
2010,2015,2016,79537680,13256280,165,Pending,35
2002,2007,2008,79283532,13213922,166,No,38
2001,2006,2007,79283512,13213919,167,No,33
2006,2011,2012,78899560,15779912,168,No,34
2012,2017,2018,78782188,15756438,169,No,35
2011,2016,2017,78595310,15719062,170,No,34
2016,2021,2022,78000000,19500000,171,Yes,33
1997,2002,2003,77356730,15471346,172,No,30
2020,2025,2026,76487996,19121999,173,Pending,32
2018,2023,2024,75574356,18893589,174,Yes,39
2005,2010,2011,75352750,15070550,175,No,36
2004,2009,2010,75352750,15070550,176,Yes,36
2019,2024,2025,75000000,18750000,177,No,33
2008,2013,2014,75000000,15000000,178,No,34
2018,2023,2024,75000000,18750000,179,Pending,31
2018,2023,2024,74900000,18725000,180,Pending,31
2014,2019,2020,74832500,18708125,181,No,35
2002,2007,2008,74400000,4960000,182,Pending,32
2003,2008,2009,73490625,18372656,183,No,31
2003,2008,2009,73490625,18372656,184,Pending,37
2017,2022,2023,73100000,18275000,185,Pending,39
2000,2005,2006,73100000,6091667,186,Pending,33
2005,2010,2011,73000000,10428571,187,Pending,31
2019,2024,2025,73000000,18250000,188,Yes,30
2005,2010,2011,73000000,10428571,189,No,38
2014,2019,2020,72590000,18147500,190,No,32
2008,2013,2014,72000000,12000000,191,Yes,33
2014,2019,2020,72000000,18000000,192,No,33
2014,2019,2020,72000000,18000000,193,Yes,32
1997,2002,2003,72000000,8000000,194,No,34
2019,2024,2025,72000000,18000000,195,No,32
2018,2023,2024,72000000,18000000,196,Pending,34
2003,2008,2009,71723313,11953886,197,Yes,33
2008,2013,2014,71005425,11834238,198,No,32
2015,2020,2021,70950000,17737500,199,No,38
1999,2004,2005,70880000,11813333,200,Pending,33
1999,2004,2005,70880000,11813333,201,Pending,39
1999,2004,2005,70880000,11813333,202,No,38
1999,2004,2005,70880000,11813333,203,Yes,35
1999,2004,2005,70880000,11813333,204,No,34
2013,2018,2019,70500000,23500000,205,No,36
2004,2009,2010,70196599,11699433,206,Pending,37
2017,2022,2023,70146336,35073168,207,Pending,31
2013,2018,2019,70060026,17515007,208,Yes,31
2013,2018,2019,70060026,17515007,209,Pending,34
2019,2024,2025,70000000,17500000,210,Pending,34
2004,2009,2010,70000000,14000000,211,Pending,38
2014,2019,2020,70000000,17500000,212,No,30
2013,2018,2019,70000000,14000000,213,Yes,37
2017,2022,2023,70000000,17500000,214,Yes,38
2014,2019,2020,70000000,14000000,215,Yes,33
2014,2019,2020,70000000,14000000,216,No,31
2014,2019,2020,70000000,17500000,217,No,38
2015,2020,2021,70000000,17500000,218,No,38
2005,2010,2011,69999993,11666666,219,No,36
2003,2008,2009,69973750,9996250,220,Yes,35
2019,2024,2025,69600000,17400000,221,Yes,30
2004,2009,2010,69335337,17333834,222,No,35
2013,2018,2019,68979450,17244863,223,Pending,31
2018,2023,2024,68040000,22680000,224,No,31
2004,2009,2010,68000000,9714286,225,Yes,39
1995,2000,2001,68000000,17000000,226,Pending,36
2019,2024,2025,67470906,16867727,227,Yes,35
2004,2009,2010,67441887,13488377,228,Pending,35
1997,2002,2003,66500000,16625000,229,No,32
2008,2013,2014,66000000,11000000,230,No,39
2009,2014,2015,66000000,16500000,231,Yes,34
2005,2010,2011,66000000,11000000,232,No,30
2002,2007,2008,65760000,13152000,233,Yes,32
2003,2008,2009,65625000,13125000,234,Yes,34
2012,2017,2018,65619700,16404925,235,No,35
2007,2012,2013,65000000,13000000,236,Yes,36
1999,2004,2005,65000000,16250000,237,Yes,33
2007,2012,2013,65000000,13000000,238,Yes,33
2009,2014,2015,65000000,13000000,239,No,37
2010,2015,2016,65000000,13000000,240,Yes,35
2014,2019,2020,65000000,21666667,241,Pending,38
2020,2025,2026,65000000,16250000,242,No,32
2005,2010,2011,64876694,10812782,243,Pending,34
2014,2019,2020,64762737,21587579,244,Pending,33
2005,2010,2011,64350000,10725000,245,Yes,33
2004,2009,2010,64312500,9187500,246,Yes,39
2008,2013,2014,64166861,21388954,247,Pending,39
2014,2019,2020,64000000,16000000,248,Yes,37
2014,2019,2020,64000000,16000000,249,Yes,36
2014,2019,2020,64000000,16000000,250,Pending,35
2013,2018,2019,64000000,16000000,251,Yes,34
2018,2023,2024,64000000,16000000,252,Pending,38
2018,2023,2024,64000000,16000000,253,No,35
2007,2012,2013,63629415,15907354,254,Yes,31
2012,2017,2018,63497025,21165675,255,Yes,35
2005,2010,2011,63280000,12656000,256,No,35
2003,2008,2009,63000000,15750000,257,Pending,33
2012,2017,2018,62965420,15741355,258,Yes,32
2001,2006,2007,62923438,12584688,259,Yes,38
2015,2020,2021,62800000,15700000,260,Pending,34
2004,2009,2010,62624186,20874729,261,Pending,35
2016,2021,2022,62100000,20700000,262,No,32
2006,2011,2012,61635140,15408785,263,No,38
2014,2019,2020,61500000,30750000,264,Pending,38
2017,2022,2023,61425000,20475000,265,Yes,34
2008,2013,2014,61333334,15333334,266,Yes,36
1999,2004,2005,61000000,8714286,267,Pending,36
2004,2009,2010,61000000,12200000,268,No,39
2009,2014,2015,60825938,15206485,269,Yes,35
2009,2014,2015,60825938,15206485,270,Pending,36
2005,2010,2011,60380987,15095247,271,Yes,33
2012,2017,2018,60216100,20072033,272,No,36
2017,2022,2023,60007500,20002500,273,Yes,31
2010,2015,2016,60000000,12000000,274,Yes,32
2010,2015,2016,60000000,12000000,275,Yes,31
2008,2013,2014,60000000,12000000,276,Pending,32
2005,2010,2011,60000000,10000000,277,Yes,37
2013,2018,2019,60000000,12000000,278,No,31
2005,2010,2011,60000000,10000000,279,Yes,38
2012,2017,2018,60000000,12000000,280,No,35
2008,2013,2014,60000000,12000000,281,No,31
2018,2023,2024,60000000,15000000,282,Pending,35
2003,2008,2009,58700000,11740000,283,No,38
1998,2003,2004,58500000,11700000,284,Pending,35
1995,2000,2001,58500000,9750000,285,Pending,30
2010,2015,2016,58443748,14610937,286,No,32
2010,2015,2016,58365563,14591391,287,Yes,34
2006,2011,2012,58023000,9670500,288,No,39
2007,2012,2013,58000000,11600000,289,Yes,31
2013,2018,2019,58000000,14500000,290,Pending,34
2005,2010,2011,57999998,9666666,291,No,30
2014,2019,2020,57977525,11595505,292,Pending,34
2009,2014,2015,57503764,14375941,293,Pending,31
2007,2012,2013,57200000,14300000,294,Yes,35
2014,2019,2020,57000000,14250000,295,Yes,33
2008,2013,2014,57000000,19000000,296,Pending,30
2014,2019,2020,57000000,19000000,297,Pending,37
2014,2019,2020,57000000,19000000,298,Pending,36
2016,2021,2022,56700000,18900000,299,Pending,39
1998,2003,2004,56255000,11251000,300,Pending,39
1995,2000,2001,56066436,11213287,301,Yes,37
2015,2020,2021,56000000,14000000,302,Yes,39
2019,2024,2025,56000000,14000000,303,Pending,33
2005,2010,2011,55440000,7920000,304,Pending,38
2009,2014,2015,55409450,13852363,305,No,33
1995,2000,2001,55101001,13775250,306,No,35
2009,2014,2015,55000001,11000000,307,No,36
2004,2009,2010,55000000,11000000,308,Pending,36
2004,2009,2010,55000000,9166667,309,Pending,37
2013,2018,2019,55000000,13750000,310,Pending,32
2014,2019,2020,54512500,13628125,311,Pending,35
2012,2017,2018,54274505,27137253,312,Pending,37
2013,2018,2019,54015500,13503875,313,No,32
2011,2016,2017,54000000,13500000,314,No,33
2008,2013,2014,54000000,9000000,315,Pending,34
2013,2018,2019,54000000,13500000,316,Yes,36
2017,2022,2023,54000000,13500000,317,No,31
2018,2023,2024,54000000,18000000,318,Yes,33
2006,2011,2012,53830000,10766000,319,No,33
1995,2000,2001,53531123,13382781,320,Yes,34
2001,2006,2007,53100000,8850000,321,No,31
2007,2012,2013,53000025,10600005,322,Yes,37
2013,2018,2019,53000000,13250000,323,No,30
2016,2021,2022,53000000,13250000,324,Pending,30
2014,2019,2020,52886489,13221622,325,Pending,39
2008,2013,2014,52800000,10560000,326,Pending,39
2017,2022,2023,52500000,17500000,327,Yes,33
2004,2009,2010,52000001,8666667,328,Yes,35
2013,2018,2019,52000000,13000000,329,No,35
2014,2019,2020,52000000,13000000,330,Yes,36
2015,2020,2021,52000000,13000000,331,Pending,36
2015,2020,2021,52000000,13000000,332,Yes,38
2017,2022,2023,52000000,13000000,333,Pending,34
2016,2021,2022,51999900,12999975,334,Pending,33
2003,2008,2009,51900000,8650000,335,No,35
2018,2023,2024,51840000,17280000,336,Yes,34
2018,2023,2024,51520000,12880000,337,Yes,30
2012,2017,2018,51437513,17145838,338,Pending,35
2006,2011,2012,51300000,17100000,339,No,33
2007,2012,2013,51263000,8543833,340,No,38
2013,2018,2019,51250000,25625000,341,No,36
2002,2007,2008,51216000,10243200,342,No,32
2016,2021,2022,51000000,17000000,343,No,33
2020,2025,2026,50000000,12500000,344,Pending,38
2008,2013,2014,50000000,10000000,345,No,34
2015,2020,2021,50000000,25000000,346,No,39
2009,2014,2015,50000000,12500000,347,No,34
2009,2014,2015,50000000,10000000,348,Yes,37
2006,2011,2012,50000000,12500000,349,No,35
2013,2018,2019,50000000,12500000,350,Yes,39
2014,2019,2020,50000000,12500000,351,Yes,32
2015,2020,2021,50000000,12500000,352,Yes,39
2014,2019,2020,50000000,12500000,353,No,32
2014,2019,2020,50000000,12500000,354,Yes,37
2004,2009,2010,50000000,8333333,355,Pending,34
2004,2009,2010,50000000,7142857,356,Pending,33
2018,2023,2024,50000000,16666667,357,Pending,35
1995,2000,2001,49438095,9887619,358,No,38
2011,2016,2017,49400000,12350000,359,Pending,33
2006,2011,2012,48799957,16266652,360,Pending,31
2010,2015,2016,48500000,24250000,361,No,37
2009,2014,2015,48300000,8050000,362,Yes,35
2007,2012,2013,48124137,9624827,363,Pending,36
2006,2011,2012,48075000,9615000,364,Yes,38
2014,2019,2020,48003340,12000835,365,Yes,30
2020,2025,2026,48000000,12000000,366,No,31
2015,2020,2021,48000000,12000000,367,No,30
2014,2019,2020,48000000,16000000,368,Pending,32
2012,2017,2018,48000000,12000000,369,Yes,39
2004,2009,2010,48000000,8000000,370,Pending,30
2011,2016,2017,48000000,12000000,371,Pending,36
2014,2019,2020,48000000,16000000,372,No,37
2011,2016,2017,48000000,12000000,373,Yes,38
2013,2018,2019,48000000,12000000,374,Pending,34
2014,2019,2020,48000000,12000000,375,Yes,35
2014,2019,2020,48000000,12000000,376,Pending,33
2016,2021,2022,48000000,12000000,377,No,37
2000,2005,2006,48000000,6857143,378,Yes,35
2000,2005,2006,47821813,11955453,379,Pending,33
2006,2011,2012,47750000,9550000,380,Pending,39
2004,2009,2010,47528582,7921430,381,Yes,34
2005,2010,2011,47500000,9500000,382,Yes,39
2019,2024,2025,47300000,11825000,383,No,30
2009,2014,2015,47041037,9408207,384,No,32
2012,2017,2018,47000000,23500000,385,Pending,31
2016,2021,2022,47000000,11750000,386,No,36
2004,2009,2010,47000000,9400000,387,Yes,31
2011,2016,2017,46974673,23487337,388,Pending,38
2012,2017,2018,46950000,11737500,389,Pending,34
2016,2021,2022,46879127,11719782,390,Yes,39
2019,2024,2025,46522560,11630640,391,Yes,30
2013,2018,2019,46500000,11625000,392,No,32
2006,2011,2012,46490272,9298054,393,Pending,37
2005,2010,2011,46300000,11575000,394,No,30
2010,2015,2016,46121500,11530375,395,Pending,32
2011,2016,2017,46084500,15361500,396,No,34
2003,2008,2009,46000000,15333333,397,Pending,36
2015,2020,2021,46000000,11500000,398,Yes,37
2019,2024,2025,45881280,22940640,399,Pending,37
2019,2024,2025,45598818,11399705,400,Pending,39
2005,2010,2011,45249900,9049980,401,Yes,39
2000,2005,2006,45200000,3476923,402,Pending,36
2012,2017,2018,45150000,15050000,403,Pending,32
2005,2010,2011,45000000,9000000,404,No,37
2007,2012,2013,45000000,9000000,405,No,39
2006,2011,2012,45000000,9000000,406,Pending,31
2016,2021,2022,45000000,15000000,407,Yes,36
2019,2024,2025,45000000,22500000,408,Pending,38
2017,2022,2023,44800000,11200000,409,Yes,32
2018,2023,2024,44271137,11067784,410,No,38
2017,2022,2023,44271137,11067784,411,No,37
2011,2016,2017,44000004,11000001,412,Pending,31
2010,2015,2016,44000000,11000000,413,No,37
2011,2016,2017,44000000,11000000,414,Pending,37
2012,2017,2018,44000000,11000000,415,Pending,38
2013,2018,2019,43981000,10995250,416,No,37
2016,2021,2022,43635000,14545000,417,Pending,38
2018,2023,2024,43562189,14520730,418,Yes,32
2012,2017,2018,43335939,14445313,419,No,33
2014,2019,2020,43295100,14431700,420,Pending,38
2004,2009,2010,43231743,14410581,421,Pending,35
2009,2014,2015,43039054,10759764,422,Pending,38
2007,2012,2013,43000000,8600000,423,Pending,32
2009,2014,2015,43000000,8600000,424,No,33
2004,2009,2010,42645493,14215164,425,No,33
2020,2025,2026,42500000,10625000,426,Pending,32
2009,2014,2015,42217798,21108899,427,No,36
2013,2018,2019,42000000,14000000,428,Pending,31
1997,2002,2003,42000000,8400000,429,No,35
2010,2015,2016,42000000,10500000,430,Yes,31
2013,2018,2019,42000000,10500000,431,Pending,30
2014,2019,2020,42000000,10500000,432,Pending,34
2014,2019,2020,42000000,10500000,433,Pending,37
2003,2008,2009,42000000,6000000,434,Pending,35
2016,2021,2022,41965056,10491264,435,Yes,34
2016,2021,2022,41965056,10491264,436,Yes,38
2018,2023,2024,41250000,13750000,437,Yes,30
2011,2016,2017,41000004,10250001,438,Pending,39
2014,2019,2020,41000000,10250000,439,No,39
2014,2019,2020,41000000,13666667,440,Pending,30
2017,2022,2023,41000000,13666667,441,No,39
2019,2024,2025,40808719,10202180,442,No,34
2003,2008,2009,40800000,6800000,443,Pending,34
1999,2004,2005,40540750,5791536,444,Pending,37
2010,2015,2016,40500000,13500000,445,No,39
2016,2021,2022,40379230,10094808,446,Pending,35
2020,2025,2026,40182480,13394160,447,No,32
2008,2013,2014,40019211,8003842,448,Yes,35
2010,2015,2016,40000030,10000008,449,No,34
2005,2010,2011,40000000,6666667,450,No,30
2016,2021,2022,40000000,13333333,451,Yes,31
2009,2014,2015,40000000,8000000,452,No,37
2010,2015,2016,40000000,8000000,453,Pending,33
2012,2017,2018,40000000,13333333,454,Pending,38
2006,2011,2012,40000000,20000000,455,No,35
2011,2016,2017,40000000,8000000,456,Pending,36
2013,2018,2019,40000000,10000000,457,Yes,30
2011,2016,2017,40000000,8000000,458,No,34
2013,2018,2019,40000000,10000000,459,Yes,39
2019,2024,2025,40000000,8000000,460,Pending,38
2016,2021,2022,39999980,13333327,461,Pending,36
2017,2022,2023,39960716,9990179,462,Pending,31
2017,2022,2023,39619840,9904960,463,Pending,39
2018,2023,2024,39619840,9904960,464,Yes,35
2009,2014,2015,39252656,7850531,465,Yes,31
2009,2014,2015,39166000,7833200,466,Yes,30
2017,2022,2023,39116585,13038862,467,Pending,34
2005,2010,2011,39000000,6500000,468,Yes,31
2018,2023,2024,39000000,13000000,469,No,38
2007,2012,2013,38943114,12981038,470,Yes,30
2008,2013,2014,38892000,9723000,471,Pending,37
2004,2009,2010,38500000,6416667,472,Pending,37
2007,2012,2013,38500000,7700000,473,Pending,32
2014,2019,2020,38430000,9607500,474,Yes,39
2013,2018,2019,38300000,12766667,475,Pending,31
2004,2009,2010,38250000,6375000,476,No,32
2011,2016,2017,38000000,9500000,477,No,31
2018,2023,2024,37920000,12640000,478,No,36
2005,2010,2011,37875000,9468750,479,Pending,38
2004,2009,2010,37873615,18936808,480,Yes,33
2008,2013,2014,37700000,7540000,481,No,33
2014,2019,2020,37600000,18800000,482,Yes,38
2008,2013,2014,37500000,7500000,483,No,36
2007,2012,2013,37500000,7500000,484,Yes,31
2005,2010,2011,37500000,12500000,485,No,34
2015,2020,2021,37400017,9350004,486,No,35
2014,2019,2020,37268750,9317188,487,Pending,37
2016,2021,2022,37200000,12400000,488,Pending,31
2018,2023,2024,37195122,12398374,489,No,31
2016,2021,2022,37156300,9289075,490,Yes,31
2005,2010,2011,37000000,6166667,491,No,36
2019,2024,2025,36980000,9245000,492,Yes,31
2005,2010,2011,36847500,6141250,493,No,38
2003,2008,2009,36772500,6128750,494,Yes,33
2004,2009,2010,36768000,6128000,495,No,39
2009,2014,2015,36712500,7342500,496,No,30
2019,2024,2025,36664449,9166112,497,Pending,33
2010,2015,2016,36600000,12200000,498,Yes,32
1990,1995,1996,36474700,6079117,499,Pending,36
2016,2021,2022,36137474,9034369,500,Pending,33
2018,2023,2024,36000000,9000000,501,No,35
2009,2014,2015,36000000,12000000,502,No,33
2011,2016,2017,36000000,12000000,503,No,32
2005,2010,2011,36000000,6000000,504,Yes,38
2011,2016,2017,36000000,9000000,505,Yes,36
2019,2024,2025,35605510,8901378,506,No,30
2017,2022,2023,35600000,8900000,507,Pending,37
2018,2023,2024,35596275,8899069,508,No,33
2017,2022,2023,35596275,8899069,509,Yes,36
2013,2018,2019,35475000,11825000,510,No,33
2004,2009,2010,35303750,8825938,511,Pending,37
2010,2015,2016,35200000,8800000,512,Pending,34
2017,2022,2023,35000000,11666667,513,Pending,30
2017,2022,2023,35000000,7000000,514,Pending,34
2016,2021,2022,35000000,7000000,515,Pending,30
2002,2007,2008,35000000,11666667,516,No,37
2002,2007,2008,35000000,7000000,517,Pending,33
2009,2014,2015,35000000,7000000,518,Yes,31
2014,2019,2020,35000000,7000000,519,Pending,35
2010,2015,2016,35000000,7000000,520,No,37
2013,2018,2019,35000000,7000000,521,No,34
1995,2000,2001,35000000,7000000,522,Yes,32
2017,2022,2023,35000000,17500000,523,Yes,38
2016,2021,2022,35000000,7000000,524,No,37
1999,2004,2005,35000000,5000000,525,Yes,31
2018,2023,2024,34627688,8656922,526,Yes,36
2004,2009,2010,34596300,5766050,527,No,31
2016,2021,2022,34362144,11454048,528,No,35
2001,2006,2007,34000000,5666667,529,No,38
2000,2005,2006,34000000,5666667,530,No,37
2010,2015,2016,34000000,8500000,531,Yes,31
2014,2019,2020,34000000,8500000,532,No,37
2008,2013,2014,33953200,6790640,533,Yes,31
2008,2013,2014,33953200,6790640,534,No,38
2008,2013,2014,33953200,6790640,535,No,38
2019,2024,2025,33600000,8400000,536,Pending,35
2015,2020,2021,33471622,8367906,537,Pending,34
2009,2014,2015,33437000,6687400,538,Yes,34
2017,2022,2023,33240375,11080125,539,Yes,31
1992,1997,1998,33140000,33140000,540,Yes,37
2019,2024,2025,33064629,8266157,541,Yes,36
2006,2011,2012,33000000,6600000,542,Pending,33
2005,2010,2011,33000000,8250000,543,Yes,31
2011,2016,2017,33000000,8250000,544,Yes,35
2015,2020,2021,33000000,11000000,545,Pending,31
2013,2018,2019,32879000,8219750,546,No,36
2007,2012,2013,32800000,8200000,547,Pending,34
2001,2006,2007,32727273,8181818,548,No,31
2009,2014,2015,32526600,6505320,549,Yes,34
2016,2021,2022,32467751,8116938,550,Yes,36
1998,2003,2004,32400000,5400000,551,Pending,31
2007,2012,2013,32393000,6478600,552,Yes,37
2007,2012,2013,32393000,6478600,553,No,30
1998,2003,2004,32300000,6460000,554,No,30
2017,2022,2023,32101641,8025410,555,No,35
2018,2023,2024,32101641,8025410,556,No,33
2009,2014,2015,32048400,6409680,557,Pending,37
2012,2017,2018,32000002,8000001,558,Yes,39
2015,2020,2021,32000000,16000000,559,Yes,36
2017,2022,2023,32000000,8000000,560,No,39
2012,2017,2018,32000000,8000000,561,Yes,38
2011,2016,2017,32000000,8000000,562,Yes,31
2012,2017,2018,32000000,8000000,563,Pending,39
2013,2018,2019,32000000,8000000,564,Yes,31
1994,1999,2000,32000000,4571429,565,Yes,31
2015,2020,2021,32000000,8000000,566,Yes,37
1997,2002,2003,31902500,10634167,567,Pending,30
2015,2020,2021,31878148,7969537,568,Pending,34
2010,2015,2016,31720817,6344163,569,Yes,35
2012,2017,2018,31697500,15848750,570,Pending,35
2003,2008,2009,31670935,7917734,571,No,38
2005,2010,2011,31600000,7900000,572,No,37
2005,2010,2011,31550750,6310150,573,Pending,33
2013,2018,2019,31500000,10500000,574,Pending,39
2013,2018,2019,31500000,10500000,575,Pending,31
2016,2021,2022,31500000,10500000,576,Yes,33
1994,1999,2000,31289000,5214833,577,Pending,38
2000,2005,2006,31250000,6250000,578,Yes,34
2009,2014,2015,31150000,7787500,579,No,34
2010,2015,2016,31125000,15562500,580,No,33
2018,2023,2024,31118844,7779711,581,Yes,31
2018,2023,2024,30780000,10260000,582,Yes,38
2015,2020,2021,30500000,30500000,583,Pending,30
2009,2014,2015,30361446,10120482,584,Yes,36
2007,2012,2013,30291363,5048561,585,Pending,32
2004,2009,2010,30250000,6050000,586,No,32
2005,2010,2011,30247000,6049400,587,Yes,36
2005,2010,2011,30247000,6049400,588,No,38
2011,2016,2017,30187500,6037500,589,No,36
1991,1996,1997,30140000,30140000,590,No,36
2018,2023,2024,30135000,15067500,591,Yes,38
2015,2020,2021,30073320,7518330,592,Yes,35
2018,2023,2024,30038400,10012800,593,Yes,30
2018,2023,2024,30038400,10012800,594,Pending,30
2016,2021,2022,30000000,15000000,595,Pending,38
2013,2018,2019,30000000,10000000,596,No,30
2012,2017,2018,30000000,10000000,597,No,38
2009,2014,2015,30000000,6000000,598,Yes,35
2003,2008,2009,30000000,5000000,599,No,37
2013,2018,2019,30000000,10000000,600,No,34
2008,2013,2014,30000000,6000000,601,Pending,32
2010,2015,2016,30000000,7500000,602,No,35
2013,2018,2019,30000000,7500000,603,Yes,34
2014,2019,2020,30000000,10000000,604,Pending,34
2015,2020,2021,30000000,15000000,605,Yes,38
2004,2009,2010,30000000,6000000,606,No,31
2017,2022,2023,30000000,15000000,607,Pending,34
2004,2009,2010,30000000,6000000,608,No,36
2015,2020,2021,30000000,15000000,609,Yes,38
2016,2021,2022,30000000,10000000,610,No,33
2019,2024,2025,29956217,7489054,611,Yes,34
2013,2018,2019,29890000,7472500,612,Yes,34
2004,2009,2010,29835000,9945000,613,Pending,31
2003,2008,2009,29500000,5900000,614,Yes,30
2005,2010,2011,29500000,5900000,615,Yes,34
2003,2008,2009,29418000,5883600,616,Yes,38
2016,2021,2022,29280440,7320110,617,Yes,37
2017,2022,2023,29162700,9720900,618,No,33
2017,2022,2023,29162700,9720900,619,No,32
2016,2021,2022,29162700,9720900,620,No,36
1997,2002,2003,29093125,7273281,621,Pending,31
2017,2022,2023,29083315,7270829,622,Yes,35
2018,2023,2024,29083315,7270829,623,Yes,36
2009,2014,2015,29000000,5800000,624,No,33
2004,2009,2010,29000000,5800000,625,Pending,34
2011,2016,2017,29000000,7250000,626,Yes,38
2014,2019,2020,29000000,7250000,627,Pending,38
2019,2024,2025,29000000,7250000,628,Pending,34
1997,2002,2003,28889468,4814911,629,Yes,34
2016,2021,2022,28771806,9590602,630,Yes,34
1999,2004,2005,28250000,5650000,631,Pending,37
2016,2021,2022,28050000,9350000,632,Yes,35
2009,2014,2015,28000000,7000000,633,Yes,31
2012,2017,2018,28000000,7000000,634,Yes,34
2013,2018,2019,28000000,14000000,635,Yes,31
1998,2003,2004,28000000,7000000,636,Yes,39
2009,2014,2015,27901500,9300500,637,Yes,34
2018,2023,2024,27774997,9258332,638,Pending,33
2007,2012,2013,27769500,9256500,639,Yes,34
2011,2016,2017,27755000,6938750,640,Yes,37
2011,2016,2017,27755000,6938750,641,Pending,35
2018,2023,2024,27720000,9240000,642,Pending,31
2014,2019,2020,27549950,6887488,643,No,35
2012,2017,2018,27397000,13698500,644,No,34
2015,2020,2021,27346153,9115384,645,Pending,38
2002,2007,2008,27275460,5455092,646,Pending,33
2019,2024,2025,27214959,6803740,647,Pending,31
2014,2019,2020,27121282,6780321,648,Yes,33
2012,2017,2018,27000002,6750001,649,Yes,35
2017,2022,2023,27000000,9000000,650,Pending,36
1998,2003,2004,27000000,4500000,651,No,39
2013,2018,2019,27000000,9000000,652,Pending,37
2014,2019,2020,27000000,9000000,653,Pending,31
2014,2019,2020,26620450,6655113,654,Pending,39
2016,2021,2022,26527711,6631928,655,Yes,32
2015,2020,2021,26500000,13250000,656,No,30
2016,2021,2022,26445300,8815100,657,Yes,30
2017,2022,2023,26422143,6605536,658,No,38
2018,2023,2024,26422143,6605536,659,Pending,38
2007,2012,2013,26400000,6600000,660,Pending,34
2017,2022,2023,26250000,8750000,661,Yes,38
2004,2009,2010,26250000,4375000,662,No,31
2011,2016,2017,26000000,6500000,663,Yes,31
2014,2019,2020,26000000,6500000,664,No,35
2015,2020,2021,26000000,13000000,665,Pending,38
2004,2009,2010,26000000,4333333,666,Yes,37
2013,2018,2019,25720035,6430009,667,Yes,37
2009,2014,2015,25700000,6425000,668,Pending,31
1990,1995,1996,25700000,3212500,669,Yes,37
2005,2010,2011,25520000,5104000,670,Pending,38
2008,2013,2014,25500000,8500000,671,No,36
1997,2002,2003,25392500,8464167,672,Yes,33
2000,2005,2006,25275000,5055000,673,Yes,30
2016,2021,2022,25250000,12625000,674,Yes,31
2008,2013,2014,25200000,8400000,675,No,30
2011,2016,2017,25200000,6300000,676,No,37
2009,2014,2015,25123938,8374646,677,Pending,36
2009,2014,2015,25123938,8374646,678,Pending,38
2006,2011,2012,25100000,8366667,679,No,33
2010,2015,2016,25080000,8360000,680,Pending,31
2006,2011,2012,25000000,6250000,681,Pending,34
2011,2016,2017,25000000,8333333,682,No,37
2011,2016,2017,25000000,25000000,683,No,38
2012,2017,2018,25000000,12500000,684,No,33
2006,2011,2012,25000000,5000000,685,Pending,32
2014,2019,2020,25000000,8333333,686,Pending,33
2004,2009,2010,25000000,5000000,687,Yes,34
2014,2019,2020,25000000,5000000,688,No,38
2013,2018,2019,25000000,5000000,689,Yes,39
2004,2009,2010,25000000,1000000,690,No,30
2004,2009,2010,25000000,6250000,691,No,39
2004,2009,2010,25000000,6250000,692,Pending,31
2015,2020,2021,25000000,12500000,693,Yes,35
2016,2021,2022,25000000,8333333,694,Yes,38
2015,2020,2021,25000000,5000000,695,Yes,31
2014,2019,2020,24960000,12480000,696,Yes,30
2002,2007,2008,24862500,8287500,697,Yes,38
2019,2024,2025,24855195,6213799,698,Pending,35
2012,2017,2018,24850243,6212561,699,Yes,38
2008,2013,2014,24790000,12395000,700,No,30
2017,2022,2023,24662500,8220833,701,Yes,35
2017,2022,2023,24600000,12300000,702,Yes,33
2015,2020,2021,24572507,6143127,703,Pending,38
1994,1999,2000,24450000,4075000,704,Yes,37
1999,2004,2005,24275750,6068938,705,Yes,35
2005,2010,2011,24197200,4839440,706,Pending,37
2017,2022,2023,24131515,6032879,707,No,37
2016,2021,2022,24131515,6032879,708,Yes,30
2016,2021,2022,24100423,6025106,709,No,35
2008,2013,2014,24050164,6012541,710,Pending,35
2000,2005,2006,24035000,6008750,711,No,37
1997,2002,2003,24010000,6002500,712,Yes,38
2018,2023,2024,24000000,6000000,713,Yes,34
2009,2014,2015,24000000,6000000,714,No,36
1994,1999,2000,24000000,4000000,715,Pending,32
2002,2007,2008,24000000,4000000,716,Pending,36
2011,2016,2017,24000000,12000000,717,Pending,35
2013,2018,2019,24000000,12000000,718,Pending,36
2015,2020,2021,24000000,8000000,719,Pending,30
2008,2013,2014,24000000,12000000,720,Pending,32
2005,2010,2011,24000000,6000000,721,Pending,39
2011,2016,2017,24000000,6000000,722,No,31
2008,2013,2014,24000000,8000000,723,Pending,39
2010,2015,2016,24000000,8000000,724,Pending,31
2010,2015,2016,24000000,8000000,725,No,39
2013,2018,2019,24000000,8000000,726,No,36
2014,2019,2020,23823685,5955921,727,Pending,36
2004,2009,2010,23750000,4750000,728,No,32
2014,2019,2020,23692308,7897436,729,No,37
2003,2008,2009,23600000,5900000,730,No,36
2008,2013,2014,23460000,5865000,731,No,35
2012,2017,2018,23420913,7806971,732,Yes,36
2006,2011,2012,23400000,4680000,733,Pending,33
2004,2009,2010,23400000,5850000,734,No,36
2007,2012,2013,23384762,7794921,735,Yes,33
2007,2012,2013,23298682,5824671,736,Pending,30
2003,2008,2009,23250001,7750000,737,No,36
2007,2012,2013,23200000,5800000,738,Yes,35
2009,2014,2015,23198010,5799503,739,Yes,30
2010,2015,2016,23198010,5799503,740,Yes,30
2000,2005,2006,23037500,5759375,741,Pending,36
2013,2018,2019,23027026,5756757,742,No,39
2013,2018,2019,23017978,5754495,743,Yes,39
2012,2017,2018,23000000,23000000,744,Yes,33
2005,2010,2011,23000000,4600000,745,Yes,36
2013,2018,2019,23000000,7666667,746,Pending,34
2007,2012,2013,23000000,7666667,747,Pending,39
2005,2010,2011,23000000,5750000,748,No,34
2005,2010,2011,23000000,4600000,749,Pending,34
2013,2018,2019,22897200,22897200,750,Yes,32
2019,2024,2025,22781932,5695483,751,Yes,36
2012,2017,2018,22652350,5663088,752,Pending,39
2012,2017,2018,22652350,5663088,753,No,31
2001,2006,2007,22618200,5654550,754,No,37
2001,2006,2007,22600000,5650000,755,No,38
2002,2007,2008,22553800,5638450,756,Pending,37
2006,2011,2012,22547148,5636787,757,Pending,36
2002,2007,2008,22532732,7510911,758,Pending,38
2000,2005,2006,22500000,7500000,759,Yes,39
2000,2005,2006,22500000,4500000,760,No,37
2009,2014,2015,22417500,5604375,761,No,31
2011,2016,2017,22346280,7448760,762,No,33
2015,2020,2021,22324406,5581102,763,No,32
2011,2016,2017,22239712,7413237,764,Pending,32
2017,2022,2023,22118492,5529623,765,No,35
2018,2023,2024,22118492,5529623,766,No,39
2014,2019,2020,22060000,7353333,767,Yes,30
2018,2023,2024,22050000,7350000,768,No,34
2016,2021,2022,22011467,5502867,769,Yes,33
2019,2024,2025,22000000,11000000,770,Pending,38
2006,2011,2012,22000000,11000000,771,Pending,33
2013,2018,2019,22000000,3666667,772,No,31
2015,2020,2021,22000000,7333333,773,No,34
2004,2009,2010,21993999,4398800,774,Pending,38
2011,2016,2017,21990500,5497625,775,No,39
2013,2018,2019,21900000,7300000,776,Yes,31
2006,2011,2012,21807792,7269264,777,Yes,39
2005,2010,2011,21795444,5448861,778,Yes,36
2017,2022,2023,21599760,10799880,779,Pending,37
2008,2013,2014,21523507,5380877,780,Yes,30
2012,2017,2018,21505000,10752500,781,No,33
2011,2016,2017,21487440,5371860,782,Pending,36
2014,2019,2020,21404269,5351067,783,Pending,33
2010,2015,2016,21350000,5337500,784,No,38
2010,2015,2016,21350000,5337500,785,Pending,34
2012,2017,2018,21326174,5331544,786,No,34
2005,2010,2011,21300000,4260000,787,Yes,31
2010,2015,2016,21250000,4250000,788,Pending,39
2006,2011,2012,21200000,5300000,789,No,33
2004,2009,2010,21044011,5261003,790,No,36
2017,2022,2023,21037320,7012440,791,Yes,33
2004,2009,2010,21020000,7006667,792,No,33
2017,2022,2023,21000000,7000000,793,Pending,39
2007,2012,2013,21000000,4200000,794,Pending,39
2012,2017,2018,21000000,7000000,795,No,39
2012,2017,2018,21000000,7000000,796,Pending,39
2015,2020,2021,21000000,7000000,797,Pending,38
2013,2018,2019,21000000,10500000,798,Yes,39
2013,2018,2019,21000000,7000000,799,No,31
2014,2019,2020,21000000,7000000,800,Pending,37
2013,2018,2019,21000000,7000000,801,No,37
2016,2021,2022,21000000,7000000,802,Yes,34
2019,2024,2025,20951911,5237978,803,No,30
2016,2021,2022,20898696,10449348,804,No,38
2006,2011,2012,20800000,10400000,805,Pending,39
2010,2015,2016,20760923,5190231,806,Yes,33
2016,2021,2022,20650000,6883333,807,Yes,31
2006,2011,2012,20551752,4110350,808,Yes,36
2015,2020,2021,20475000,6825000,809,Yes,38
2015,2020,2021,20389668,5097417,810,No,30
2017,2022,2023,20341348,5085337,811,Yes,39
2016,2021,2022,20341348,5085337,812,Yes,33
2008,2013,2014,20300000,4060000,813,Pending,35
2003,2008,2009,20292310,5073078,814,Pending,37
2013,2018,2019,20200000,5050000,815,Pending,38
2006,2011,2012,20178147,5044537,816,No,32
2016,2021,2022,20175111,5043778,817,Yes,39
2006,2011,2012,20121000,5030250,818,Yes,38
2018,2023,2024,20002750,6667583,819,Yes,38
2011,2016,2017,20000001,5000000,820,Pending,34
2017,2022,2023,20000000,10000000,821,No,31
2007,2012,2013,20000000,5000000,822,Pending,36
2007,2012,2013,20000000,5000000,823,Pending,31
2015,2020,2021,20000000,10000000,824,No,30
2006,2011,2012,20000000,10000000,825,No,35
2010,2015,2016,20000000,20000000,826,Yes,33
2007,2012,2013,20000000,10000000,827,Yes,39
2011,2016,2017,20000000,10000000,828,No,30
2013,2018,2019,20000000,10000000,829,Yes,30
2012,2017,2018,20000000,6666667,830,No,38
2013,2018,2019,20000000,5000000,831,Yes,36
2012,2017,2018,20000000,5000000,832,No,37
2013,2018,2019,20000000,20000000,833,Pending,30
1997,2002,2003,20000000,10000000,834,Pending,35
2014,2019,2020,20000000,6666667,835,No,30
2015,2020,2021,20000000,10000000,836,No,30
2008,2013,2014,19998769,9999385,837,No,35
2012,2017,2018,19981026,4995257,838,No,34
2019,2024,2025,19908285,4977071,839,No,39
2010,2015,2016,19866073,9933037,840,No,36
2007,2012,2013,19690000,6563333,841,Yes,31
2001,2006,2007,19540874,4885219,842,Yes,34
2005,2010,2011,19505783,4876446,843,Pending,35
2004,2009,2010,19500000,6500000,844,Pending,39
2003,2008,2009,19500000,6500000,845,Pending,35
2012,2017,2018,19500000,6500000,846,Yes,36
1992,1997,1998,19445000,2777857,847,No,37
2009,2014,2015,19350000,6450000,848,Yes,36
2008,2013,2014,19338156,4834539,849,Yes,36
2017,2022,2023,19328334,4832084,850,Pending,30
2018,2023,2024,19328334,4832084,851,Yes,31
2011,2016,2017,19305421,4826355,852,No,31
2014,2019,2020,19302919,4825730,853,Yes,38
1994,1999,2000,19200000,3840000,854,Yes,31
2002,2007,2008,19192050,4798013,855,Yes,37
2019,2024,2025,19151216,4787804,856,Pending,34
2007,2012,2013,19000000,4750000,857,No,39
2018,2023,2024,19000000,6333333,858,No,34
2012,2017,2018,19000000,6333333,859,No,32
2009,2014,2015,19000000,9500000,860,Pending,34
2013,2018,2019,19000000,4750000,861,Pending,39
1992,1997,1998,18985000,3797000,862,Yes,38
2016,2021,2022,18978900,9489450,863,No,39
2016,2021,2022,18978900,9489450,864,No,30
2016,2021,2022,18978900,9489450,865,Pending,36
2016,2021,2022,18978900,9489450,866,Pending,35
2006,2011,2012,18966960,6322320,867,Pending,38
2002,2007,2008,18832907,4708227,868,Yes,34
2011,2016,2017,18810000,6270000,869,No,35
2008,2013,2014,18800000,4700000,870,No,35
2001,2006,2007,18788540,4697135,871,Yes,34
2009,2014,2015,18765152,4691288,872,Pending,35
2009,2014,2015,18750000,6250000,873,Pending,37
2018,2023,2024,18700000,9350000,874,No,31
2015,2020,2021,18689218,4672305,875,No,36
2009,2014,2015,18652514,4663129,876,Yes,30
2010,2015,2016,18652514,4663129,877,No,30
2013,2018,2019,18650094,4662524,878,No,38
2018,2023,2024,18593499,4648375,879,No,38
2017,2022,2023,18593499,4648375,880,Pending,37
2016,2021,2022,18554698,4638675,881,Pending,34
2018,2023,2024,18553500,6184500,882,Yes,30
2019,2024,2025,18415445,4603861,883,Yes,36
2011,2016,2017,18400000,4600000,884,Yes,34
2012,2017,2018,18375000,9187500,885,Pending,34
2009,2014,2015,18250000,3650000,886,No,33
2003,2008,2009,18160543,4540136,887,Yes,31
2011,2016,2017,18150001,6050000,888,No,35
2006,2011,2012,18129437,4532359,889,Yes,39
2000,2005,2006,18037586,4509397,890,Yes,31
2012,2017,2018,18019460,4504865,891,No,31
2017,2022,2023,18019260,6006420,892,Yes,38
2015,2020,2021,18000000,18000000,893,No,38
2006,2011,2012,18000000,6000000,894,No,30
2013,2018,2019,18000000,6000000,895,Yes,39
2014,2019,2020,18000000,9000000,896,Yes,32
2009,2014,2015,18000000,4500000,897,Pending,38
2008,2013,2014,18000000,4500000,898,No,34
2009,2014,2015,18000000,6000000,899,No,30
2010,2015,2016,18000000,6000000,900,Pending,35
2012,2017,2018,18000000,9000000,901,Yes,30
2009,2014,2015,18000000,4500000,902,Yes,34
2010,2015,2016,18000000,9000000,903,Pending,38
2013,2018,2019,18000000,6000000,904,Pending,39
2010,2015,2016,18000000,4500000,905,Yes,37
2012,2017,2018,17955350,4488838,906,Pending,34
2009,2014,2015,17947125,5982375,907,Yes,34
2017,2022,2023,17894491,8947246,908,No,39
2018,2023,2024,17878995,4469749,909,Yes,37
2007,2012,2013,17835366,4458842,910,Pending,36
1990,1995,1996,17805800,3561160,911,No,38
2012,2017,2018,17745894,17745894,912,Pending,30
2014,2019,2020,17714050,8857025,913,Pending,30
2006,2011,2012,17709750,8854875,914,Pending,30
2017,2022,2023,17704357,4426089,915,Pending,30
2001,2006,2007,17664061,8832031,916,Pending,34
1991,1996,1997,17652000,8826000,917,Pending,35
2013,2018,2019,17643780,5881260,918,No,39
2016,2021,2022,17630685,4407671,919,No,34
1995,2000,2001,17600000,2200000,920,Pending,32
2005,2010,2011,17525017,4381254,921,Yes,37
2007,2012,2013,17500000,4375000,922,Yes,38
2010,2015,2016,17500000,4375000,923,Yes,35
2014,2019,2020,17488287,4372072,924,No,33
2002,2007,2008,17487667,4371917,925,No,34
2011,2016,2017,17410113,4352528,926,Yes,36
1990,1995,1996,17400000,4350000,927,Yes,38
1996,2001,2002,17350000,3470000,928,Pending,30
1999,2004,2005,17286153,4321538,929,No,33
2013,2018,2019,17232300,8616150,930,No,32
2017,2022,2023,17188836,4297209,931,Pending,39
2018,2023,2024,17188836,4297209,932,Pending,36
2015,2020,2021,17188557,4297139,933,No,32
2013,2018,2019,17175000,5725000,934,No,37
2012,2017,2018,17129640,5709880,935,Yes,37
1998,2003,2004,17082693,5694231,936,Yes,39
2019,2024,2025,17023989,4255997,937,Yes,30
2006,2011,2012,17000000,4250000,938,Pending,35
2012,2017,2018,17000000,4250000,939,No,31
1983,1988,1989,17000000,2833333,940,No,39
2014,2019,2020,17000000,5666667,941,No,32
2016,2021,2022,16965132,4241283,942,Yes,39
2005,2010,2011,16940000,3388000,943,No,34
2004,2009,2010,16920989,4230247,944,No,32
2007,2012,2013,16894464,4223616,945,Pending,33
2010,2015,2016,16836188,4209047,946,Yes,34
2009,2014,2015,16821270,4205318,947,No,37
2010,2015,2016,16821270,4205318,948,No,36
2001,2006,2007,16815062,4203766,949,Yes,31
2010,2015,2016,16691760,5563920,950,Pending,31
1993,1998,1999,16634640,4158660,951,Pending,34
2011,2016,2017,16631175,5543725,952,Pending,38
2011,2016,2017,16631175,5543725,953,Yes,38
2015,2020,2021,16583028,8291514,954,No,36
2012,2017,2018,16562884,4140721,955,No,34
1999,2004,2005,16534449,4133612,956,Yes,31
2017,2022,2023,16528217,4132054,957,No,30
2018,2023,2024,16528217,4132054,958,Yes,34
2005,2010,2011,16525278,5508426,959,Yes,37
2011,2016,2017,16500000,8250000,960,Pending,39
2011,2016,2017,16500000,5500000,961,Yes,33
2004,2009,2010,16500000,3300000,962,Yes,35
2017,2022,2023,16400000,8200000,963,No,30
2017,2022,2023,16364528,4091132,964,Yes,35
2014,2019,2020,16354800,5451600,965,Yes,32
2006,2011,2012,16349456,4087364,966,No,36
2015,2020,2021,16332615,4083154,967,No,30
2012,2017,2018,16325425,4081356,968,Yes,38
2016,2021,2022,16317853,4079463,969,Yes,30
2003,2008,2009,16316529,4079132,970,Yes,33
2002,2007,2008,16200000,4050000,971,No,35
2013,2018,2019,16200000,8100000,972,Pending,35
2010,2015,2016,16145250,5381750,973,No,38
2004,2009,2010,16125000,4031250,974,Yes,30
2006,2011,2012,16100000,4025000,975,Yes,32
2013,2018,2019,16012500,4003125,976,Yes,35
2013,2018,2019,16001700,4000425,977,Pending,31
2003,2008,2009,16000000,4000000,978,No,39
2011,2016,2017,16000000,8000000,979,Yes,30
2008,2013,2014,16000000,4000000,980,No,35
2010,2015,2016,16000000,4000000,981,Pending,38
2008,2013,2014,16000000,4000000,982,Pending,39
2012,2017,2018,16000000,8000000,983,Pending,36
2012,2017,2018,16000000,8000000,984,No,38
2014,2019,2020,16000000,8000000,985,Pending,31
2017,2022,2023,16000000,5333333,986,Pending,38
2006,2011,2012,16000000,4000000,987,Pending,34
2014,2019,2020,16000000,8000000,988,Pending,39
2015,2020,2021,16000000,8000000,989,Pending,38
2006,2011,2012,15934000,5311333,990,Pending,33
1993,1998,1999,15917578,5305859,991,No,39
2018,2023,2024,15887971,3971993,992,Yes,35
2017,2022,2023,15887971,3971993,993,No,30
2014,2019,2020,15887648,3971912,994,Yes,36
2004,2009,2010,15804447,3951112,995,Pending,34
2008,2013,2014,15800133,3950033,996,Yes,35
2005,2010,2011,15800000,5266667,997,No,38
1997,2002,2003,15783136,3945784,998,Yes,35
2011,2016,2017,15773381,3943345,999,No,38
2015,2020,2021,15726047,3931512,1000,Pending,30
2002,2007,2008,15712269,3928067,1001,No,30
2015,2020,2021,15692356,3923089,1002,No,36
2009,2014,2015,15675000,5225000,1003,Yes,36
2013,2018,2019,15675000,5225000,1004,Yes,38
2009,2014,2015,15675000,5225000,1005,Pending,36
2010,2015,2016,15629874,5209958,1006,No,39
2010,2015,2016,15600000,5200000,1007,Pending,34
2019,2024,2025,15551398,3887850,1008,Pending,33
1999,2004,2005,15469822,3867456,1009,Yes,31
2018,2023,2024,15466500,5155500,1010,Yes,38
1998,2003,2004,15380000,3076000,1011,Yes,38
2009,2014,2015,15359283,5119761,1012,Pending,30
2013,2018,2019,15350475,3837619,1013,No,39
2009,2014,2015,15345456,3836364,1014,Pending,38
2004,2009,2010,15259558,3814890,1015,Yes,31
2010,2015,2016,15239922,3809981,1016,No,38
2015,2020,2021,15135546,3783887,1017,No,33
2011,2016,2017,15133000,7566500,1018,Pending,32
2001,2006,2007,15108241,3777060,1019,Yes,35
2018,2023,2024,15098193,3774548,1020,Pending,38
2018,2023,2024,15098193,3774548,1021,No,34
2016,2021,2022,15093095,3773274,1022,No,32
2011,2016,2017,15040677,5013559,1023,Pending,39
1999,2004,2005,15001800,5000600,1024,No,36
2010,2015,2016,15000002,3750001,1025,Pending,33
2016,2021,2022,15000000,7500000,1026,Pending,39
2016,2021,2022,15000000,5000000,1027,No,34
2005,2010,2011,15000000,3000000,1028,Pending,33
2008,2013,2014,15000000,3750000,1029,Yes,32
2014,2019,2020,15000000,15000000,1030,No,36
2012,2017,2018,15000000,5000000,1031,No,37
2013,2018,2019,15000000,15000000,1032,Pending,38
2005,2010,2011,15000000,5000000,1033,No,34
2007,2012,2013,15000000,5000000,1034,Pending,39
2011,2016,2017,15000000,15000000,1035,Yes,34
2007,2012,2013,15000000,5000000,1036,No,39
2010,2015,2016,15000000,5000000,1037,No,37
2013,2018,2019,15000000,7500000,1038,No,32
2018,2023,2024,15000000,5000000,1039,No,31
2018,2023,2024,15000000,5000000,1040,Pending,31
2015,2020,2021,15000000,7500000,1041,No,37
2014,2019,2020,15000000,5000000,1042,Pending,30
2014,2019,2020,15000000,15000000,1043,Pending,34
2010,2015,2016,14861532,3715383,1044,No,39
2012,2017,2018,14831260,3707815,1045,No,37
2006,2011,2012,14812701,3703175,1046,No,38
2006,2011,2012,14800000,3700000,1047,No,37
2019,2024,2025,14779535,3694884,1048,Pending,39
2016,2021,2022,14759508,7379754,1049,No,35
2003,2008,2009,14714549,3678637,1050,No,31
2009,2014,2015,14625000,4875000,1051,Pending,36
1997,2002,2003,14567141,4855714,1052,Yes,37
2015,2020,2021,14564021,3641005,1053,Pending,33
2006,2011,2012,14560000,7280000,1054,Pending,33
2006,2011,2012,14524500,7262250,1055,Yes,35
2012,2017,2018,14512500,4837500,1056,No,39
2016,2021,2022,14511964,3627991,1057,Yes,32
2014,2019,2020,14510706,3627677,1058,No,34
2000,2005,2006,14503941,3625985,1059,Yes,34
2004,2009,2010,14500000,7250000,1060,Yes,35
2009,2014,2015,14500000,7250000,1061,No,35
2004,2009,2010,14500000,2900000,1062,Yes,34
2014,2019,2020,14500000,7250000,1063,Pending,36
2016,2021,2022,14464287,4821429,1064,Pending,30
2009,2014,2015,14429520,4809840,1065,Yes,30
2006,2011,2012,14379840,4793280,1066,Yes,36
2012,2017,2018,14366640,4788880,1067,Pending,37
2008,2013,2014,14354428,3588607,1068,No,38
2016,2021,2022,14350000,7175000,1069,Pending,39
2017,2022,2023,14350000,7175000,1070,Pending,31
2017,2022,2023,14349113,3587278,1071,No,33
2018,2023,2024,14349113,3587278,1072,No,38
2011,2016,2017,14329730,3582433,1073,Pending,36
2005,2010,2011,14318788,3579697,1074,Pending,30
2015,2020,2021,14250000,7125000,1075,Pending,33
2010,2015,2016,14107500,4702500,1076,No,39
2013,2018,2019,14100000,7050000,1077,Yes,32
2004,2009,2010,14098000,4699333,1078,Yes,31
2008,2013,2014,14050000,3512500,1079,Yes,31
2019,2024,2025,14046909,3511727,1080,Yes,30
2013,2018,2019,14020000,3505000,1081,Pending,30
2015,2020,2021,14015772,3503943,1082,Yes,31
2010,2015,2016,14000000,7000000,1083,Yes,39
2002,2007,2008,14000000,3500000,1084,No,30
2011,2016,2017,14000000,14000000,1085,No,32
2012,2017,2018,14000000,3500000,1086,Yes,34
2010,2015,2016,14000000,4666667,1087,Yes,33
1990,1995,1996,13920000,3480000,1088,No,35
2004,2009,2010,13890000,3472500,1089,Yes,38
2008,2013,2014,13890000,3472500,1090,Yes,34
2010,2015,2016,13845166,3461292,1091,Pending,33
2015,2020,2021,13791056,3447764,1092,Pending,36
1990,1995,1996,13755000,2751000,1093,No,37
2003,2008,2009,13750000,4583333,1094,Yes,38
2001,2006,2007,13704170,3426043,1095,Yes,38
2007,2012,2013,13698565,6849283,1096,No,31
2018,2023,2024,13638019,3409505,1097,Yes,34
2017,2022,2023,13638019,3409505,1098,Pending,36
2012,2017,2018,13621575,4540525,1099,Pending,38
2012,2017,2018,13545962,3386491,1100,No,30
2009,2014,2015,13525513,4508504,1101,Pending,36
2005,2010,2011,13520500,13520500,1102,Pending,38
2016,2021,2022,13520000,6760000,1103,No,36
1990,1995,1996,13500300,2250050,1104,Yes,39
2003,2008,2009,13500000,4500000,1105,Yes,39
2015,2020,2021,13484010,3371003,1106,Yes,37
2006,2011,2012,13457302,3364326,1107,Yes,30
2004,2009,2010,13430000,4476667,1108,No,33
2019,2024,2025,13421031,3355258,1109,No,35
2003,2008,2009,13331356,3332839,1110,Pending,38
2011,2016,2017,13320000,4440000,1111,Pending,33
2014,2019,2020,13299636,3324909,1112,Yes,34
1997,2002,2003,13200000,4400000,1113,No,33
2009,2014,2015,13151319,4383773,1114,No,31
2018,2023,2024,13122000,4374000,1115,No,34
2008,2013,2014,13110094,3277524,1116,Yes,37
2016,2021,2022,13106790,3276698,1117,Pending,39
1999,2004,2005,13101396,3275349,1118,Pending,35
2008,2013,2014,13100000,6550000,1119,No,30
2011,2016,2017,13087722,3271931,1120,Yes,39
2000,2005,2006,13079371,3269843,1121,No,36
2016,2021,2022,13036364,13036364,1122,Pending,33
2017,2022,2023,13030303,3257576,1123,Pending,31
2016,2021,2022,13030303,3257576,1124,No,38
2005,2010,2011,13008739,3252185,1125,No,33
2015,2020,2021,13000000,6500000,1126,Pending,39
2011,2016,2017,13000000,4333333,1127,No,37
2010,2015,2016,13000000,6500000,1128,Yes,32
1996,2001,2002,12975453,3243863,1129,Pending,37
2007,2012,2013,12960000,4320000,1130,No,32
2019,2024,2025,12888651,3222163,1131,Pending,31
2013,2018,2019,12850042,3212511,1132,No,39
2012,2017,2018,12846325,6423163,1133,Yes,34
2002,2007,2008,12837443,3209361,1134,Yes,32
2015,2020,2021,12814166,3203542,1135,Pending,37
2014,2019,2020,12814166,3203542,1136,Pending,32
2010,2015,2016,12733181,3183295,1137,No,33
2005,2010,2011,12732500,6366250,1138,Pending,37
2007,2012,2013,12700262,3175066,1139,Yes,34
1997,2002,2003,12690802,3172701,1140,No,30
2005,2010,2011,12688715,3172179,1141,Pending,32
1988,1993,1994,12685000,3171250,1142,No,35
1991,1996,1997,12675000,2535000,1143,Pending,31
2009,2014,2015,12645278,3161320,1144,Pending,37
2002,2007,2008,12560056,3140014,1145,Pending,30
1999,2004,2005,12534242,3133561,1146,Yes,34
2012,2017,2018,12525625,6262813,1147,No,35
2019,2024,2025,12517172,3129293,1148,No,32
2017,2022,2023,12513127,3128282,1149,No,32
2018,2023,2024,12513127,3128282,1150,Yes,31
2006,2011,2012,12500000,4166667,1151,Yes,37
2006,2011,2012,12500000,6250000,1152,Pending,32
2016,2021,2022,12457536,3114384,1153,Pending,32
2006,2011,2012,12417300,4139100,1154,Pending,38
2012,2017,2018,12415467,3103867,1155,No,39
2013,2018,2019,12400000,12400000,1156,Pending,34
2001,2006,2007,12343923,3085981,1157,Pending,38
2013,2018,2019,12300000,6150000,1158,Pending,39
2006,2011,2012,12290944,3072736,1159,No,31
2012,2017,2018,12270000,6135000,1160,No,31
2011,2016,2017,12264057,4088019,1161,No,31
2013,2018,2019,12250000,12250000,1162,No,37
2014,2019,2020,12231806,3057952,1163,Yes,35
2017,2022,2023,12196094,12196094,1164,No,32
2015,2020,2021,12178720,3044680,1165,Pending,37
2019,2024,2025,12156541,3039135,1166,No,31
2018,2023,2024,12152560,3038140,1167,No,35
2017,2022,2023,12152560,3038140,1168,Pending,38
2003,2008,2009,12111493,3027873,1169,Yes,39
2017,2022,2023,12074500,6037250,1170,No,37
2017,2022,2023,12070560,3017640,1171,No,36
2007,2012,2013,12018240,4006080,1172,Pending,33
2016,2021,2022,12000000,4000000,1173,Yes,34
2011,2016,2017,12000000,4000000,1174,Pending,38
2006,2011,2012,12000000,3000000,1175,Pending,32
2014,2019,2020,12000000,6000000,1176,Pending,36
2009,2014,2015,12000000,3000000,1177,Pending,36
2007,2012,2013,12000000,4000000,1178,No,32
2008,2013,2014,12000000,4000000,1179,Pending,30
2013,2018,2019,12000000,6000000,1180,Yes,38
2009,2014,2015,12000000,4000000,1181,Yes,31
2013,2018,2019,12000000,12000000,1182,Yes,34
2014,2019,2020,12000000,6000000,1183,No,31
2015,2020,2021,12000000,6000000,1184,No,39
2011,2016,2017,11995639,2998910,1185,Pending,38
2006,2011,2012,11991000,5995500,1186,Yes,36
2016,2021,2022,11902517,2975629,1187,Pending,37
2006,2011,2012,11892960,3964320,1188,Pending,32
2005,2010,2011,11881232,2970308,1189,No,37
2013,2018,2019,11817962,2954491,1190,No,39
2019,2024,2025,11805395,2951349,1191,Pending,38
2019,2024,2025,11805395,2951349,1192,Yes,33
2017,2022,2023,11802681,2950670,1193,Yes,37
2016,2021,2022,11802681,2950670,1194,No,34
2003,2008,2009,11800000,5900000,1195,No,35
2012,2017,2018,11729640,3909880,1196,No,36
2015,2020,2021,11721900,5860950,1197,Yes,30
2012,2017,2018,11700000,3900000,1198,No,37
2001,2006,2007,11662929,2915732,1199,No,33
2014,2019,2020,11622123,2905531,1200,Pending,34
2004,2009,2010,11616800,5808400,1201,No,36
2004,2009,2010,11600000,3866667,1202,No,33
2009,2014,2015,11589837,2897459,1203,Yes,33
2010,2015,2016,11589837,2897459,1204,No,39
2015,2020,2021,11576025,2894006,1205,No,39
2017,2022,2023,11500000,3833333,1206,Yes,37
2004,2009,2010,11471401,2867850,1207,Pending,31
2019,2024,2025,11463216,2865804,1208,No,30
2017,2022,2023,11461629,2865407,1209,Pending,32
1997,2002,2003,11444345,2861086,1210,Yes,32
2016,2021,2022,11430344,2857586,1211,Pending,39
2007,2012,2013,11429000,3809667,1212,No,35
2012,2017,2018,11420610,2855153,1213,Yes,36
2012,2017,2018,11418513,2854628,1214,Pending,37
1999,2004,2005,11356098,2839025,1215,Yes,36
2009,2014,2015,11287500,3762500,1216,Pending,38
2016,2021,2022,11283255,3761085,1217,Yes,38
2011,2016,2017,11250000,3750000,1218,Yes,33
2013,2018,2019,11229126,2807282,1219,Pending,35
2001,2006,2007,11214368,2803592,1220,Yes,32
2014,2019,2020,11179555,2794889,1221,Pending,38
2016,2021,2022,11151000,3717000,1222,No,34
2003,2008,2009,11140480,5570240,1223,Pending,34
1999,2004,2005,11132520,3710840,1224,Yes,39
2016,2021,2022,11129417,2782354,1225,Yes,35
2017,2022,2023,11129417,2782354,1226,No,32
2019,2024,2025,11128163,2782041,1227,Yes,36
2003,2008,2009,11061810,2765453,1228,Yes,33
2015,2020,2021,11059862,2764966,1229,Yes,31
2008,2013,2014,11051183,2762796,1230,Pending,30
2011,2016,2017,11032158,2758040,1231,Yes,38
2009,2014,2015,11030000,2757500,1232,Yes,36
2007,2012,2013,11016000,3672000,1233,Yes,33
2003,2008,2009,11000000,5500000,1234,Yes,30
2015,2020,2021,11000000,5500000,1235,No,36
2004,2009,2010,11000000,3666667,1236,Pending,39
1988,1993,1994,11000000,2750000,1237,No,31
2012,2017,2018,11000000,11000000,1238,Pending,35
2011,2016,2017,11000000,5500000,1239,No,39
2010,2015,2016,11000000,2750000,1240,Pending,30
1997,2002,2003,10974000,2194800,1241,No,34
2010,2015,2016,10972500,3657500,1242,Pending,38
2014,2019,2020,10954440,3651480,1243,No,33
2014,2019,2020,10940850,5470425,1244,No,31
2005,2010,2011,10889912,2722478,1245,Pending,31
1990,1995,1996,10875000,2175000,1246,Pending,33
1999,2004,2005,10862697,2715674,1247,No,32
2011,2016,2017,10850000,5425000,1248,Pending,36
2012,2017,2018,10849500,2712375,1249,Pending,30
2010,2015,2016,10848725,5424363,1250,Pending,33
2017,2022,2023,10803948,2700987,1251,Pending,36
2016,2021,2022,10803948,2700987,1252,Yes,35
2013,2018,2019,10801804,2700451,1253,No,32
2019,2024,2025,10763120,2690780,1254,No,34
2014,2019,2020,10749666,2687417,1255,No,33
2014,2019,2020,10749666,2687417,1256,No,37
2007,2012,2013,10705770,2676443,1257,No,33
2005,2010,2011,10680389,2670097,1258,No,38
2013,2018,2019,10660000,5330000,1259,Pending,35
2009,2014,2015,10659171,2664793,1260,Yes,32
2010,2015,2016,10659170,2664793,1261,Yes,36
2002,2007,2008,10652099,2663025,1262,Pending,35
2014,2019,2020,10646880,5323440,1263,Pending,38
2006,2011,2012,10634840,2658710,1264,No,31
2012,2017,2018,10634000,5317000,1265,Yes,34
2015,2020,2021,10621750,2655438,1266,No,38
2007,2012,2013,10600000,2650000,1267,Pending,37
2012,2017,2018,10599999,3533333,1268,Yes,34
2012,2017,2018,10583760,3527920,1269,No,30
2009,2014,2015,10579440,3526480,1270,No,30
2001,2006,2007,10525000,5262500,1271,Yes,37
2004,2009,2010,10513847,2628462,1272,No,32
1996,2001,2002,10510376,2627594,1273,Pending,31
2008,2013,2014,10501023,2625256,1274,Yes,36
2006,2011,2012,10500000,3500000,1275,Pending,36
2004,2009,2010,10500000,3500000,1276,No,39
2009,2014,2015,10500000,3500000,1277,No,37
2004,2009,2010,10500000,3500000,1278,Yes,31
2006,2011,2012,10500000,3500000,1279,No,35
2013,2018,2019,10500000,5250000,1280,No,39
2011,2016,2017,10482459,2620615,1281,No,38
2016,2021,2022,10477351,2619338,1282,Yes,34
2017,2022,2023,10455513,2613878,1283,No,34
2017,2022,2023,10449718,2612430,1284,No,38
2018,2023,2024,10449718,2612430,1285,Yes,31
2012,2017,2018,10436434,2609109,1286,Yes,38
2008,2013,2014,10429500,5214750,1287,Yes,39
2017,2022,2023,10400000,5200000,1288,Yes,34
2019,2024,2025,10393941,2598485,1289,Pending,31
2013,2018,2019,10386049,2596512,1290,No,31
2011,2016,2017,10375000,5187500,1291,Pending,37
2010,2015,2016,10375000,5187500,1292,Yes,34
2014,2019,2020,10334366,2583592,1293,Yes,31
1999,2004,2005,10325700,5162850,1294,No,39
1999,2004,2005,10325700,5162850,1295,No,31
2015,2020,2021,10323693,2580923,1296,Pending,39
2019,2024,2025,10317900,2579475,1297,Pending,39
1997,2002,2003,10310000,3436667,1298,No,37
2011,2016,2017,10276530,3425510,1299,Yes,34
2017,2022,2023,10250000,5125000,1300,Yes,37
2019,2024,2025,10243492,2560873,1301,No,33
2001,2006,2007,10242268,2560567,1302,Yes,36
1994,1999,2000,10239080,3413027,1303,No,32
1994,1999,2000,10200000,1700000,1304,No,38
2010,2015,2016,10188750,3396250,1305,Pending,38
2016,2021,2022,10175938,2543985,1306,Yes,31
2007,2012,2013,10172853,2543213,1307,Pending,32
2017,2022,2023,10151244,2537811,1308,Yes,34
2018,2023,2024,10151244,2537811,1309,Yes,32
2003,2008,2009,10138889,2534722,1310,No,35
2017,2022,2023,10100000,5050000,1311,Pending,33
2006,2011,2012,10098034,2019607,1312,No,39
2018,2023,2024,10090879,2522720,1313,No,36
2017,2022,2023,10090879,2522720,1314,No,37
2013,2018,2019,10087200,10087200,1315,Yes,33
2011,2016,2017,10083526,2520882,1316,Yes,30
2017,2022,2023,10065000,5032500,1317,Pending,34
2007,2012,2013,10059750,10059750,1318,No,39
2007,2012,2013,10051421,3350474,1319,No,30
2002,2007,2008,10044000,3348000,1320,Yes,35
2015,2020,2021,10034582,2508646,1321,Pending,30
2011,2016,2017,10032000,3344000,1322,Pending,38
2017,2022,2023,10017385,2504346,1323,Yes,37
2016,2021,2022,10017385,2504346,1324,No,34
2005,2010,2011,10015096,2503774,1325,Yes,36
2013,2018,2019,10000009,3333336,1326,No,32
2015,2020,2021,10000000,5000000,1327,Yes,30
2003,2008,2009,10000000,5000000,1328,Yes,38
2008,2013,2014,10000000,5000000,1329,Yes,38
2009,2014,2015,10000000,5000000,1330,Yes,38
2008,2013,2014,10000000,5000000,1331,Pending,30
2014,2019,2020,10000000,5000000,1332,Pending,36
2007,2012,2013,10000000,3333333,1333,Pending,31
2011,2016,2017,10000000,10000000,1334,Pending,38
2011,2016,2017,10000000,5000000,1335,Yes,33
2011,2016,2017,10000000,3333333,1336,No,39
2013,2018,2019,10000000,5000000,1337,Pending,32
2015,2020,2021,10000000,10000000,1338,Pending,33
2016,2021,2022,10000000,5000000,1339,No,30
2004,2009,2010,10000000,2000000,1340,No,32
2017,2022,2023,10000000,5000000,1341,Pending,32
2015,2020,2021,10000000,2500000,1342,Yes,39
1999,2004,2005,9987500,4993750,1343,Pending,33
2013,2018,2019,9985165,2496291,1344,No,35
2017,2022,2023,9975000,3325000,1345,Pending,31
2018,2023,2024,9944923,2486231,1346,No,32
2014,2019,2020,9936769,2484192,1347,Pending,31
2015,2020,2021,9881138,2470285,1348,Pending,34
2006,2011,2012,9844743,2461186,1349,Yes,38
2010,2015,2016,9816000,4908000,1350,Yes,30
2005,2010,2011,9813333,3271111,1351,Yes,35
2015,2020,2021,9800000,4900000,1352,Pending,32
2010,2015,2016,9775000,4887500,1353,Pending,34
2015,2020,2021,9772350,4886175,1354,Yes,38
2015,2020,2021,9772350,4886175,1355,Pending,31
2015,2020,2021,9772350,4886175,1356,Yes,32
2016,2021,2022,9772350,4886175,1357,Yes,39
2015,2020,2021,9772350,4886175,1358,No,32
2015,2020,2021,9772350,4886175,1359,No,38
2015,2020,2021,9772350,4886175,1360,No,30
2015,2020,2021,9751975,2437994,1361,Yes,36
2015,2020,2021,9751975,2437994,1362,No,38
2007,2012,2013,9750000,3250000,1363,No,30
2009,2014,2015,9750000,3250000,1364,Pending,35
2009,2014,2015,9742480,2435620,1365,Pending,36
2010,2015,2016,9742479,2435620,1366,Pending,32
2007,2012,2013,9720000,3240000,1367,Yes,33
2011,2016,2017,9695397,2423849,1368,Pending,38
2009,2014,2015,9687150,3229050,1369,Pending,30
2009,2014,2015,9675000,4837500,1370,Pending,37
2012,2017,2018,9647298,2411825,1371,Yes,35
2008,2013,2014,9608880,3202960,1372,Yes,32
2013,2018,2019,9600735,2400184,1373,No,38
2005,2010,2011,9600000,3200000,1374,Pending,31
2009,2014,2015,9595328,4797664,1375,Pending,37
2006,2011,2012,9576000,3192000,1376,Pending,39
2016,2021,2022,9557142,2389286,1377,Yes,37
2014,2019,2020,9551670,2387918,1378,No,36
1996,2001,2002,9525752,2381438,1379,No,33
2005,2010,2011,9516480,2379120,1380,Yes,31
2010,2015,2016,9500000,9500000,1381,Pending,35
1997,2002,2003,9500000,4750000,1382,No,33
2004,2009,2010,9500000,9500000,1383,Pending,33
2015,2020,2021,9476369,2369092,1384,No,33
2007,2012,2013,9450000,3150000,1385,No,31
2017,2022,2023,9450000,3150000,1386,No,33
2009,2014,2015,9449999,3150000,1387,Pending,32
2007,2012,2013,9412846,2353212,1388,No,34
2006,2011,2012,9411520,2352880,1389,Yes,30
2008,2013,2014,9405000,3135000,1390,No,38
2015,2020,2021,9400000,9400000,1391,No,38
2001,2006,2007,9387987,2346997,1392,Pending,31
2004,2009,2010,9386267,3128756,1393,No,30
2009,2014,2015,9367716,2341929,1394,Yes,37
2010,2015,2016,9367716,2341929,1395,No,38
2000,2005,2006,9348529,2337132,1396,Yes,37
2008,2013,2014,9343100,2335775,1397,No,32
2005,2010,2011,9332000,3110667,1398,Yes,35
2003,2008,2009,9324543,2331136,1399,Pending,31
2011,2016,2017,9321294,2330324,1400,Pending,30
2003,2008,2009,9300000,3100000,1401,Pending,35
2016,2021,2022,9283856,2320964,1402,No,38
2012,2017,2018,9276051,2319013,1403,No,37
2008,2013,2014,9270000,3090000,1404,No,34
2001,2006,2007,9250000,3083333,1405,Yes,33
2015,2020,2021,9228703,2307176,1406,Yes,32
2013,2018,2019,9228550,2307138,1407,Yes,32
2017,2022,2023,9225000,4612500,1408,Yes,31
2008,2013,2014,9202500,4601250,1409,Pending,32
2005,2010,2011,9188370,2297093,1410,Pending,36
2007,2012,2013,9177000,3059000,1411,Pending,37
2015,2020,2021,9161694,2290424,1412,Yes,36
2010,2015,2016,9135000,3045000,1413,Yes,38
2006,2011,2012,9109044,2277261,1414,Pending,39
2015,2020,2021,9095405,2273851,1415,Pending,30
2009,2014,2015,9090000,3030000,1416,Pending,33
2003,2008,2009,9079920,3026640,1417,Yes,31
2002,2007,2008,9072000,3024000,1418,Yes,34
2007,2012,2013,9051419,2262855,1419,Pending,30
2000,2005,2006,9012398,2253100,1420,Pending,31
2006,2011,2012,9011500,4505750,1421,No,30
2009,2014,2015,9005799,2251450,1422,No,36
2018,2023,2024,9000000,2250000,1423,Pending,35
2013,2018,2019,9000000,9000000,1424,Pending,33
2009,2014,2015,9000000,4500000,1425,Pending,36
2005,2010,2011,9000000,3000000,1426,No,37
2006,2011,2012,9000000,9000000,1427,Yes,30
2006,2011,2012,9000000,9000000,1428,No,35
2010,2015,2016,9000000,4500000,1429,Yes,39
2009,2014,2015,9000000,3000000,1430,Pending,32
2009,2014,2015,9000000,9000000,1431,Yes,33
2009,2014,2015,9000000,4500000,1432,No,32
2012,2017,2018,9000000,3000000,1433,Yes,32
2013,2018,2019,9000000,3000000,1434,Yes,31
2013,2018,2019,9000000,4500000,1435,Yes,34
1991,1996,1997,9000000,9000000,1436,Yes,33
1994,1999,2000,9000000,9000000,1437,Yes,37
2017,2022,2023,9000000,4500000,1438,Pending,36
1999,2004,2005,9000000,3000000,1439,Yes,30
2011,2016,2017,8998000,4499000,1440,Pending,38
2008,2013,2014,8985301,2246325,1441,Pending,34
2002,2007,2008,8979009,2244752,1442,Pending,31
2011,2016,2017,8962299,2240575,1443,Yes,38
2004,2009,2010,8940000,2980000,1444,No,39
2012,2017,2018,8934750,2978250,1445,No,37
1993,1998,1999,8932640,2977547,1446,No,35
2009,2014,2015,8925000,2975000,1447,Yes,38
2017,2022,2023,8912580,4456290,1448,No,31
2017,2022,2023,8912580,4456290,1449,No,39
2015,2020,2021,8904867,2226217,1450,No,38
2015,2020,2021,8904867,2226217,1451,Pending,34
2013,2018,2019,8872400,4436200,1452,No,37
2013,2018,2019,8872400,4436200,1453,Pending,30
2003,2008,2009,8860440,2215110,1454,No,34
2004,2009,2010,8840008,2210002,1455,Yes,36
2005,2010,2011,8805481,2201370,1456,No,32
2010,2015,2016,8771880,2192970,1457,Pending,38
2013,2018,2019,8769710,2192428,1458,Pending,30
2006,2011,2012,8759027,2189757,1459,Pending,37
2008,2013,2014,8715000,4357500,1460,No,37
2007,2012,2013,8690948,2172737,1461,Pending,34
2002,2007,2008,8667000,2889000,1462,Pending,39
2009,2014,2015,8659181,2164795,1463,Yes,31
2015,2020,2021,8650178,2162545,1464,Yes,32
2008,2013,2014,8639008,2159752,1465,Pending,36
1999,2004,2005,8637084,2159271,1466,Pending,39
2014,2019,2020,8626446,2156612,1467,Yes,33
2011,2016,2017,8615141,2871714,1468,No,35
1997,2002,2003,8603543,2150886,1469,Pending,39
2015,2020,2021,8598860,2149715,1470,Yes,34
2015,2020,2021,8536124,2134031,1471,No,36
2014,2019,2020,8510000,4255000,1472,Pending,33
2004,2009,2010,8501198,2125300,1473,Yes,31
2006,2011,2012,8500000,4250000,1474,No,38
2015,2020,2021,8474999,2118750,1475,Pending,35
1987,1992,1993,8474900,4237450,1476,Pending,35
2012,2017,2018,8473305,2118326,1477,Yes,37
2011,2016,2017,8473305,2118326,1478,No,38
1992,1997,1998,8432160,2810720,1479,No,35
2006,2011,2012,8423791,2105948,1480,Yes,32
1993,1998,1999,8397240,2799080,1481,Pending,37
2007,2012,2013,8369477,2092369,1482,Pending,32
2004,2009,2010,8340800,4170400,1483,Pending,38
2012,2017,2018,8334685,2083671,1484,Yes,35
2009,2014,2015,8323699,2080925,1485,Yes,33
2010,2015,2016,8323699,2080925,1486,Yes,39
2014,2019,2020,8317064,2772355,1487,No,35
2010,2015,2016,8300000,4150000,1488,Yes,31
2000,2005,2006,8288063,2072016,1489,No,33
1992,1997,1998,8274900,2758300,1490,No,38
2007,2012,2013,8266680,2755560,1491,Yes,39
1998,2003,2004,8261497,2065374,1492,Yes,33
1994,1999,2000,8226720,2742240,1493,Pending,35
2008,2013,2014,8220900,4110450,1494,Yes,38
2002,2007,2008,8208776,2052194,1495,Pending,38
2015,2020,2021,8200000,4100000,1496,Pending,34
2013,2018,2019,8200000,4100000,1497,Yes,37
2015,2020,2021,8200000,4100000,1498,Pending,32
2014,2019,2020,8199204,2049801,1499,Pending,31
2012,2017,2018,8180000,4090000,1500,Yes,38
2013,2018,2019,8180000,4090000,1501,Pending,30
2004,2009,2010,8175228,2043807,1502,No,35
2005,2010,2011,8142916,2035729,1503,Pending,39
2004,2009,2010,8104250,4052125,1504,Pending,33
2018,2023,2024,8100000,2700000,1505,Pending,32
2006,2011,2012,8099162,2024791,1506,Yes,36
2011,2016,2017,8050000,4025000,1507,Yes,30
2017,2022,2023,8009193,2002298,1508,Yes,39
2006,2011,2012,8008560,2669520,1509,Pending,39
2015,2020,2021,8000000,4000000,1510,No,34
2017,2022,2023,8000000,4000000,1511,Pending,38
2017,2022,2023,8000000,4000000,1512,No,36
2017,2022,2023,8000000,4000000,1513,Pending,37
2008,2013,2014,8000000,4000000,1514,Pending,34
2008,2013,2014,8000000,4000000,1515,Pending,38
2007,2012,2013,8000000,8000000,1516,No,38
2004,2009,2010,8000000,4000000,1517,Yes,33
2006,2011,2012,8000000,4000000,1518,Pending,39
2012,2017,2018,8000000,8000000,1519,Pending,35
2012,2017,2018,8000000,4000000,1520,No,34
2011,2016,2017,8000000,8000000,1521,Yes,30
2004,2009,2010,8000000,4000000,1522,Yes,36
2015,2020,2021,8000000,4000000,1523,Pending,38
2006,2011,2012,8000000,8000000,1524,No,36
2008,2013,2014,8000000,4000000,1525,Pending,38
2011,2016,2017,8000000,8000000,1526,No,34
2013,2018,2019,8000000,2000000,1527,Yes,32
2011,2016,2017,8000000,2000000,1528,Pending,37
2004,2009,2010,8000000,4000000,1529,Yes,35
2007,2012,2013,7952806,1988202,1530,Yes,37
2002,2007,2008,7950000,2650000,1531,No,35
2013,2018,2019,7921655,1980414,1532,Yes,37
2009,2014,2015,7909700,1977425,1533,Pending,30
2019,2024,2025,7888598,1972150,1534,No,36
1997,2002,2003,7885909,1971477,1535,Yes,34
2000,2005,2006,7875777,1968944,1536,Yes,38
2000,2005,2006,7863990,1965998,1537,No,30
2004,2009,2010,7862281,1965570,1538,Pending,34
2014,2019,2020,7833514,1958379,1539,Pending,39
2005,2010,2011,7829086,1957272,1540,No,37
2008,2013,2014,7802194,1950549,1541,No,38
2001,2006,2007,7759686,1939922,1542,Yes,30
2006,2011,2012,7750000,3875000,1543,No,30
2006,2011,2012,7696094,1924024,1544,Yes,32
2019,2024,2025,7686312,1921578,1545,Pending,34
2017,2022,2023,7650600,3825300,1546,Pending,31
2006,2011,2012,7616000,1904000,1547,No,39
2013,2018,2019,7612500,2537500,1548,No,31
2005,2010,2011,7602250,1900563,1549,Yes,34
1998,2003,2004,7597509,1899377,1550,No,36
2002,2007,2008,7591146,1897787,1551,Pending,36
2003,2008,2009,7581406,1895352,1552,No,38
2000,2005,2006,7577264,1894316,1553,Pending,31
2013,2018,2019,7568554,1892139,1554,Pending,34
2009,2014,2015,7568030,3784015,1555,Pending,37
2005,2010,2011,7559011,1889753,1556,Pending,36
2007,2012,2013,7557861,1889465,1557,Pending,32
1999,2004,2005,7547514,1886879,1558,No,36
2014,2019,2020,7523278,1880820,1559,Pending,39
2004,2009,2010,7517500,3758750,1560,Yes,31
2009,2014,2015,7517295,1879324,1561,Yes,32
2010,2015,2016,7517295,1879324,1562,Pending,38
2003,2008,2009,7515000,2505000,1563,Yes,38
1988,1993,1994,7513000,3756500,1564,Yes,39
2011,2016,2017,7510862,1877716,1565,Yes,33
2007,2012,2013,7500000,3750000,1566,No,36
2005,2010,2011,7500000,2500000,1567,Yes,37
2005,2010,2011,7500000,2500000,1568,Yes,33
2008,2013,2014,7500000,2500000,1569,Pending,36
2011,2016,2017,7500000,3750000,1570,Yes,38
2006,2011,2012,7439503,1859876,1571,Yes,34
2016,2021,2022,7427150,3713575,1572,Yes,30
2015,2020,2021,7427150,3713575,1573,Pending,39
1997,2002,2003,7425000,2475000,1574,Pending,35
2008,2013,2014,7415554,1853889,1575,No,36
1998,2003,2004,7400000,2466667,1576,Yes,36
2018,2023,2024,7330743,2443581,1577,No,32
2006,2011,2012,7314670,1828668,1578,Yes,34
2012,2017,2018,7312615,1828154,1579,Yes,38
2014,2019,2020,7305582,1826396,1580,No,39
2002,2007,2008,7300233,1825058,1581,Yes,37
2015,2020,2021,7300000,7300000,1582,No,31
2011,2016,2017,7300000,2433333,1583,Yes,31
2004,2009,2010,7280000,3640000,1584,Yes,36
2013,2018,2019,7268738,1817185,1585,No,39
1997,2002,2003,7252095,1813024,1586,Pending,32
1996,2001,2002,7238355,1809589,1587,Yes,38
1998,2003,2004,7219404,1804851,1588,Yes,30
2019,2024,2025,7201486,1800372,1589,Pending,35
2007,2012,2013,7194208,1798552,1590,No,37
2010,2015,2016,7145049,1786262,1591,Pending,33
2014,2019,2020,7095397,1773849,1592,Yes,36
2008,2013,2014,7084872,1771218,1593,No,33
2006,2011,2012,7070968,1767742,1594,Pending,35
2013,2018,2019,7058648,1764662,1595,Yes,35
2016,2021,2022,7049040,1762260,1596,Pending,33
2012,2017,2018,7023225,1755806,1597,No,30
2001,2006,2007,7019478,1754870,1598,Yes,35
2002,2007,2008,7019285,1754821,1599,Pending,32
2008,2013,2014,7017240,2339080,1600,Yes,33
2009,2014,2015,7017240,2339080,1601,No,31
2017,2022,2023,7000000,3500000,1602,No,32
2015,2020,2021,7000000,3500000,1603,No,30
2015,2020,2021,7000000,3500000,1604,No,35
2017,2022,2023,7000000,3500000,1605,No,37
2008,2013,2014,7000000,3500000,1606,Yes,31
2006,2011,2012,7000000,3500000,1607,No,35
2012,2017,2018,7000000,3500000,1608,Yes,39
2000,2005,2006,7000000,1750000,1609,No,31
2004,2009,2010,7000000,7000000,1610,Yes,36
2008,2013,2014,7000000,3500000,1611,No,32
2016,2021,2022,7000000,1750000,1612,Yes,39
2006,2011,2012,6999999,2333333,1613,Pending,32
2002,2007,2008,6994937,2331646,1614,Pending,35
1999,2004,2005,6983624,1745906,1615,Yes,35
2006,2011,2012,6961500,2320500,1616,Pending,31
2006,2011,2012,6952320,1738080,1617,No,38
2013,2018,2019,6933100,3466550,1618,No,34
2003,2008,2009,6926624,1731656,1619,No,30
1996,2001,2002,6906835,1726709,1620,Yes,30
1997,2002,2003,6891294,1722824,1621,Yes,32
2019,2024,2025,6888212,1722053,1622,Yes,31
2007,2012,2013,6863717,1715929,1623,No,31
2007,2012,2013,6858000,2286000,1624,Yes,39
1992,1997,1998,6856360,2285453,1625,No,35
2013,2018,2019,6855506,1713877,1626,Pending,32
2011,2016,2017,6847000,3423500,1627,Yes,30
2004,2009,2010,6827146,1706787,1628,No,36
2009,2014,2015,6826594,1706649,1629,No,35
2010,2015,2016,6826593,1706648,1630,Pending,30
2014,2019,2020,6788195,1697049,1631,No,39
2011,2016,2017,6785647,1696412,1632,Pending,34
2016,2021,2022,6767280,1691820,1633,Yes,38
2017,2022,2023,6765000,3382500,1634,No,36
2006,2011,2012,6750000,6750000,1635,Yes,37
1993,1998,1999,6745320,2248440,1636,Pending,34
2013,2018,2019,6744500,3372250,1637,Pending,39
2009,2014,2015,6721350,2240450,1638,Yes,31
2006,2011,2012,6720430,1680108,1639,Pending,38
1999,2004,2005,6715314,1678829,1640,Pending,39
2010,2015,2016,6703510,3351755,1641,Yes,37
1998,2003,2004,6680062,1670016,1642,No,38
2013,2018,2019,6672819,1668205,1643,No,35
2008,2013,2014,6646250,3323125,1644,Yes,36
2008,2013,2014,6643560,2214520,1645,Pending,30
2006,2011,2012,6642137,1660534,1646,No,37
2019,2024,2025,6638212,1659553,1647,Pending,39
2014,2019,2020,6620352,1655088,1648,Yes,37
2007,2012,2013,6592121,1648030,1649,No,30
2011,2016,2017,6589343,1647336,1650,No,30
2003,2008,2009,6583325,1645831,1651,No,30
2017,2022,2023,6581283,2193761,1652,Pending,36
2013,2018,2019,6560000,3280000,1653,No,38
2014,2019,2020,6560000,6560000,1654,No,31
2010,2015,2016,6556245,1639061,1655,Pending,33
2010,2015,2016,6556244,1639061,1656,No,33
2013,2018,2019,6537195,1634299,1657,No,31
2011,2016,2017,6523126,3261563,1658,No,33
2018,2023,2024,6521129,1630282,1659,Yes,38
2007,2012,2013,6515040,2171680,1660,No,32
2009,2014,2015,6509235,3254618,1661,Yes,31
2009,2014,2015,6509235,3254618,1662,No,33
2009,2014,2015,6509235,3254618,1663,Yes,32
2006,2011,2012,6500000,3250000,1664,Pending,34
2006,2011,2012,6500000,6500000,1665,No,37
2010,2015,2016,6500000,3250000,1666,Pending,30
2009,2014,2015,6500000,3250000,1667,No,30
2013,2018,2019,6500000,6500000,1668,Pending,39
2017,2022,2023,6498559,3249280,1669,No,35
2016,2021,2022,6480000,2160000,1670,No,36
2018,2023,2024,6480000,2160000,1671,Pending,39
1999,2004,2005,6457848,1614462,1672,Yes,30
2011,2016,2017,6454902,3227451,1673,No,36
2007,2012,2013,6432500,3216250,1674,No,32
2012,2017,2018,6432184,1608046,1675,Yes,34
2006,2011,2012,6420677,1605169,1676,Pending,38
2014,2019,2020,6405441,1601360,1677,No,39
2003,2008,2009,6404750,6404750,1678,No,39
2013,2018,2019,6404604,1601151,1679,No,30
2007,2012,2013,6402464,1600616,1680,Pending,37
2016,2021,2022,6400000,3200000,1681,No,33
2011,2016,2017,6399770,1599943,1682,Pending,34
2014,2019,2020,6385249,1596312,1683,Pending,30
2010,2015,2016,6366420,1591605,1684,Pending,30
1989,1994,1995,6360000,1590000,1685,Pending,39
2014,2019,2020,6359377,1589844,1686,Yes,31
2002,2007,2008,6339623,1584906,1687,No,36
2014,2019,2020,6334179,1583545,1688,No,39
1996,2001,2002,6328441,1582110,1689,Yes,38
2005,2010,2011,6324000,3162000,1690,No,36
2008,2013,2014,6319050,3159525,1691,Pending,36
2019,2024,2025,6313470,1578368,1692,No,30
1982,1987,1988,6300000,1260000,1693,Pending,30
2008,2013,2014,6271580,1567895,1694,No,39
2013,2018,2019,6270000,6270000,1695,Pending,31
2008,2013,2014,6270000,2090000,1696,Yes,39
2011,2016,2017,6244560,1561140,1697,No,32
2003,2008,2009,6240000,3120000,1698,Pending,31
2004,2009,2010,6214920,2071640,1699,Pending,35
2014,2019,2020,6200000,2066667,1700,No,33
2004,2009,2010,6200000,6200000,1701,No,35
2005,2010,2011,6199522,1549881,1702,No,36
2006,2011,2012,6195961,1548990,1703,Yes,35
2009,2014,2015,6183368,1545842,1704,Yes,36
2010,2015,2016,6180000,2060000,1705,Yes,32
2005,2010,2011,6166993,1541748,1706,Pending,33
1993,1998,1999,6157000,2052333,1707,No,35
2014,2019,2020,6150000,3075000,1708,No,35
2017,2022,2023,6150000,3075000,1709,Pending,36
2011,2016,2017,6135000,3067500,1710,Yes,33
2009,2014,2015,6135000,3067500,1711,Yes,30
2007,2012,2013,6135000,3067500,1712,Yes,37
2008,2013,2014,6135000,3067500,1713,No,32
2009,2014,2015,6135000,3067500,1714,No,38
1997,2002,2003,6131524,1532881,1715,Yes,36
2017,2022,2023,6129593,1532398,1716,Pending,37
2017,2022,2023,6129593,1532398,1717,Pending,35
2017,2022,2023,6129593,1532398,1718,Yes,38
2016,2021,2022,6112770,1528193,1719,Pending,35
2013,2018,2019,6107053,1526763,1720,No,34
2006,2011,2012,6074812,1518703,1721,No,31
2012,2017,2018,6062688,1515672,1722,Pending,38
2008,2013,2014,6060000,3030000,1723,No,34
2007,2012,2013,6040746,1510187,1724,No,30
2011,2016,2017,6033525,1508381,1725,Yes,30
2014,2019,2020,6032436,1508109,1726,Pending,36
2002,2007,2008,6025307,1506327,1727,Yes,33
2015,2020,2021,6000000,3000000,1728,Yes,36
2015,2020,2021,6000000,3000000,1729,Pending,33
2011,2016,2017,6000000,6000000,1730,Pending,33
2005,2010,2011,6000000,3000000,1731,Yes,32
2005,2010,2011,6000000,3000000,1732,Yes,36
2010,2015,2016,6000000,3000000,1733,Yes,36
2010,2015,2016,6000000,3000000,1734,Yes,35
2012,2017,2018,6000000,6000000,1735,Pending,33
2011,2016,2017,6000000,2000000,1736,Pending,31
2010,2015,2016,6000000,3000000,1737,Yes,38
2008,2013,2014,6000000,3000000,1738,Yes,31
2012,2017,2018,6000000,3000000,1739,Pending,30
2010,2015,2016,6000000,2000000,1740,No,34
2015,2020,2021,6000000,6000000,1741,Yes,31
2010,2015,2016,6000000,2000000,1742,No,35
2016,2021,2022,6000000,3000000,1743,No,38
2010,2015,2016,6000000,2000000,1744,Yes,33
2017,2022,2023,6000000,2000000,1745,Yes,34
2010,2015,2016,6000000,2000000,1746,Yes,33
2009,2014,2015,6000000,2000000,1747,Yes,35
2014,2019,2020,6000000,3000000,1748,No,34
2017,2022,2023,6000000,3000000,1749,Yes,31
2014,2019,2020,6000000,3000000,1750,Yes,31
2002,2007,2008,6000000,3000000,1751,Yes,31
2015,2020,2021,6000000,3000000,1752,No,37
2016,2021,2022,5999003,1499751,1753,Yes,36
2002,2007,2008,5994000,1998000,1754,Yes,35
2006,2011,2012,5989577,1497394,1755,Yes,34
2004,2009,2010,5954217,1488554,1756,Yes,33
2012,2017,2018,5926410,2963205,1757,Pending,38
2012,2017,2018,5926410,2963205,1758,Pending,37
2012,2017,2018,5926410,2963205,1759,Pending,37
2012,2017,2018,5926410,2963205,1760,Pending,37
2012,2017,2018,5923035,2961518,1761,No,33
2017,2022,2023,5900000,1966667,1762,Yes,36
2006,2011,2012,5899792,1474948,1763,Pending,34
2016,2021,2022,5890000,5890000,1764,No,35
1992,1997,1998,5882080,1960693,1765,Pending,34
2007,2012,2013,5865661,1466415,1766,No,38
2007,2012,2013,5865661,1466415,1767,No,32
2011,2016,2017,5857804,1464451,1768,Pending,33
2017,2022,2023,5850000,1950000,1769,Pending,36
2009,2014,2015,5829450,1457363,1770,Pending,32
2005,2010,2011,5818028,1454507,1771,Yes,39
2011,2016,2017,5816400,1938800,1772,No,38
2011,2016,2017,5800000,2900000,1773,Yes,31
2001,2006,2007,5793418,1448355,1774,Yes,32
2004,2009,2010,5782882,1445721,1775,Yes,36
2008,2013,2014,5764945,2882473,1776,Yes,38
2002,2007,2008,5756786,1439197,1777,No,31
2011,2016,2017,5754630,2877315,1778,Pending,33
2011,2016,2017,5754630,2877315,1779,Pending,33
2011,2016,2017,5754630,2877315,1780,Yes,38
2011,2016,2017,5754630,2877315,1781,Pending,36
2005,2010,2011,5750000,2875000,1782,Yes,36
2013,2018,2019,5750000,5750000,1783,Pending,33
2008,2013,2014,5750000,2875000,1784,No,33
2008,2013,2014,5739194,2869597,1785,No,30
2016,2021,2022,5721234,1430309,1786,No,39
2009,2014,2015,5706251,2853126,1787,Yes,34
2007,2012,2013,5695572,1423893,1788,Yes,39
2008,2013,2014,5686878,1421720,1789,Yes,35
2006,2011,2012,5676523,1419131,1790,No,39
2010,2015,2016,5659594,1886531,1791,Pending,30
2005,2010,2011,5651041,1412760,1792,Yes,34
1998,2003,2004,5648240,1412060,1793,Yes,32
2015,2020,2021,5635000,5635000,1794,Pending,34
2011,2016,2017,5628000,5628000,1795,Pending,36
2009,2014,2015,5623750,2811875,1796,Yes,34
2007,2012,2013,5600000,5600000,1797,No,30
1988,1993,1994,5600000,1866667,1798,Yes,30
1993,1998,1999,5591080,1863693,1799,No,39
2010,2015,2016,5586940,2793470,1800,Pending,37
2010,2015,2016,5586940,2793470,1801,Pending,35
2010,2015,2016,5586940,2793470,1802,No,32
2009,2014,2015,5586940,2793470,1803,Yes,33
2010,2015,2016,5586940,2793470,1804,Pending,38
2003,2008,2009,5576499,1394125,1805,No,33
2015,2020,2021,5565327,1391332,1806,Yes,34
2015,2020,2021,5565327,1391332,1807,Yes,31
2001,2006,2007,5535326,1383832,1808,Yes,34
2002,2007,2008,5529089,1382272,1809,Yes,35
2008,2013,2014,5523858,1380965,1810,No,32
2004,2009,2010,5512000,2756000,1811,Pending,39
2011,2016,2017,5503368,1375842,1812,No,31
2004,2009,2010,5501196,5501196,1813,No,39
2011,2016,2017,5500000,5500000,1814,Pending,32
2004,2009,2010,5500000,2750000,1815,No,33
2009,2014,2015,5500000,2750000,1816,No,38
2010,2015,2016,5500000,5500000,1817,No,30
2015,2020,2021,5500000,2750000,1818,Yes,37
1986,1991,1992,5500000,2750000,1819,Yes,39
2008,2013,2014,5490988,1372747,1820,Yes,31
2009,2014,2015,5479933,5479933,1821,Pending,31
2014,2019,2020,5478899,1826300,1822,No,34
2010,2015,2016,5473973,1368493,1823,Pending,31
2014,2019,2020,5473750,1368438,1824,Pending,39
2005,2010,2011,5456088,1364022,1825,Pending,34
2011,2016,2017,5430929,1357732,1826,Yes,36
2008,2013,2014,5423340,2711670,1827,Pending,31
2008,2013,2014,5423340,2711670,1828,Yes,31
2009,2014,2015,5423340,2711670,1829,Yes,39
2003,2008,2009,5416623,1354156,1830,Pending,32
1992,1997,1998,5397120,1799040,1831,Pending,37
1997,2002,2003,5387140,1346785,1832,Yes,33
2015,2020,2021,5375000,2687500,1833,Yes,32
2013,2018,2019,5337000,5337000,1834,Yes,33
2006,2011,2012,5331400,1332850,1835,Yes,35
1999,2004,2005,5330184,1332546,1836,Yes,33
2018,2023,2024,5321096,1773699,1837,Pending,33
2007,2012,2013,5319802,1329951,1838,Yes,38
2001,2006,2007,5316313,1329078,1839,No,30
2007,2012,2013,5306520,1768840,1840,Yes,36
2004,2009,2010,5297917,1324479,1841,Yes,36
2011,2016,2017,5295312,1323828,1842,No,31
2017,2022,2023,5294220,1764740,1843,Pending,30
2015,2020,2021,5294220,1764740,1844,No,35
2017,2022,2023,5294220,1764740,1845,Pending,34
2010,2015,2016,5285886,1321472,1846,Pending,37
2007,2012,2013,5280760,1320190,1847,No,36
2001,2006,2007,5280000,1760000,1848,No,30
2008,2013,2014,5265875,2632938,1849,No,35
2008,2013,2014,5265875,2632938,1850,Pending,30
2002,2007,2008,5262500,2631250,1851,Pending,32
2003,2008,2009,5261254,1052251,1852,No,37
2015,2020,2021,5257744,2628872,1853,Pending,34
2016,2021,2022,5257744,2628872,1854,Pending,32
2000,2005,2006,5250000,2625000,1855,Pending,31
2008,2013,2014,5250000,1750000,1856,No,31
2009,2014,2015,5250000,1750000,1857,Yes,31
2011,2016,2017,5249520,1749840,1858,Pending,34
2011,2016,2017,5209719,1736573,1859,Yes,37
2009,2014,2015,5209508,1302377,1860,Pending,37
2010,2015,2016,5209508,1302377,1861,Yes,34
1992,1997,1998,5200000,1040000,1862,Pending,30
2012,2017,2018,5192000,5192000,1863,No,30
2015,2020,2021,5184358,2592179,1864,No,36
2006,2011,2012,5178439,1294610,1865,Yes,34
2006,2011,2012,5178438,1294610,1866,Yes,32
2013,2018,2019,5171902,1292976,1867,Yes,34
2001,2006,2007,5163421,1290855,1868,Yes,39
2009,2014,2015,5161601,1290400,1869,No,37
2005,2010,2011,5153492,1288373,1870,No,37
2018,2023,2024,5143840,1714613,1871,No,31
2015,2020,2021,5125000,2562500,1872,No,37
2017,2022,2023,5125000,2562500,1873,Yes,31
2007,2012,2013,5112500,2556250,1874,Yes,36
2006,2011,2012,5110367,1277592,1875,Pending,32
2015,2020,2021,5097708,1699236,1876,No,34
2009,2014,2015,5086905,1695635,1877,Pending,34
1994,1999,2000,5080000,1270000,1878,Yes,30
2005,2010,2011,5005777,1251444,1879,Yes,30
2016,2021,2022,5000000,5000000,1880,No,39
2005,2010,2011,5000000,2500000,1881,Yes,34
2016,2021,2022,5000000,5000000,1882,No,39
2015,2020,2021,5000000,5000000,1883,Pending,34
2016,2021,2022,5000000,5000000,1884,Yes,30
2004,2009,2010,5000000,2500000,1885,Yes,33
2012,2017,2018,5000000,5000000,1886,Pending,35
2013,2018,2019,5000000,5000000,1887,Yes,32
2008,2013,2014,5000000,2500000,1888,Pending,36
2011,2016,2017,5000000,2500000,1889,No,35
2004,2009,2010,5000000,2500000,1890,Yes,35
2006,2011,2012,5000000,2500000,1891,Yes,31
2004,2009,2010,5000000,2500000,1892,Pending,36
2013,2018,2019,5000000,2500000,1893,Pending,32
2011,2016,2017,5000000,5000000,1894,Yes,32
2010,2015,2016,5000000,2500000,1895,Yes,39
2009,2014,2015,5000000,2500000,1896,No,36
2011,2016,2017,5000000,5000000,1897,No,38
2012,2017,2018,5000000,5000000,1898,Pending,30
2007,2012,2013,5000000,1666667,1899,Pending,35
2013,2018,2019,5000000,2500000,1900,Yes,31
2009,2014,2015,5000000,2500000,1901,Pending,34
2003,2008,2009,5000000,2500000,1902,Yes,32
2012,2017,2018,5000000,2500000,1903,No,30
2012,2017,2018,4999990,2499995,1904,Pending,32
2016,2021,2022,4994028,1664676,1905,Pending,35
2017,2022,2023,4994028,1664676,1906,Yes,36
2010,2015,2016,4988883,1662961,1907,Pending,37
2011,2016,2017,4986960,1662320,1908,No,34
2004,2009,2010,4986480,2493240,1909,Pending,34
2004,2009,2010,4975920,1243980,1910,Yes,34
2015,2020,2021,4975012,1658337,1911,Pending,33
2005,2010,2011,4972500,1657500,1912,Yes,31
2003,2008,2009,4960413,1240103,1913,Pending,37
2006,2011,2012,4939975,1234994,1914,No,33
2002,2007,2008,4919760,1229940,1915,No,33
2008,2013,2014,4908000,2454000,1916,No,31
2004,2009,2010,4900000,1633333,1917,Pending,35
1999,2004,2005,4891185,1222796,1918,Yes,38
1990,1995,1996,4888000,2444000,1919,Yes,32
2001,2006,2007,4871226,1217807,1920,Yes,31
1997,2002,2003,4866406,1216602,1921,No,39
2000,2005,2006,4835520,1611840,1922,No,38
2005,2010,2011,4833235,1208309,1923,Yes,31
2017,2022,2023,4800602,1600201,1924,No,30
2016,2021,2022,4800602,1600201,1925,Yes,30
2016,2021,2022,4800602,1600201,1926,Yes,31
2005,2010,2011,4800000,1600000,1927,Pending,36
2005,2010,2011,4800000,2400000,1928,Yes,39
2003,2008,2009,4798012,1199503,1929,Pending,38
1999,2004,2005,4791432,1197858,1930,Yes,35
2016,2021,2022,4791147,2395574,1931,No,30
2002,2007,2008,4777037,1194259,1932,No,34
2002,2007,2008,4777037,1194259,1933,Yes,32
2005,2010,2011,4769702,1192426,1934,Yes,33
2014,2019,2020,4767000,4767000,1935,No,30
2015,2020,2021,4767000,4767000,1936,Yes,30
2015,2020,2021,4767000,4767000,1937,No,31
2014,2019,2020,4767000,4767000,1938,Yes,30
2014,2019,2020,4767000,4767000,1939,Pending,36
2016,2021,2022,4736102,4736102,1940,Yes,30
2001,2006,2007,4730621,1182655,1941,Pending,31
1996,2001,2002,4725000,2362500,1942,Yes,31
2006,2011,2012,4711200,2355600,1943,Pending,36
2015,2020,2021,4709013,1569671,1944,Yes,30
2016,2021,2022,4700602,1566867,1945,No,31
2016,2021,2022,4700602,1175151,1946,Yes,33
2014,2019,2020,4693068,1564356,1947,Yes,39
1994,1999,2000,4689480,1563160,1948,Pending,39
2000,2005,2006,4676595,1169149,1949,Yes,37
2015,2020,2021,4661321,1553774,1950,Yes,33
2003,2008,2009,4660573,1165143,1951,No,36
2008,2013,2014,4655520,1551840,1952,Yes,39
2003,2008,2009,4643280,1547760,1953,Pending,36
2015,2020,2021,4642800,4642800,1954,No,38
2006,2011,2012,4628000,2314000,1955,No,30
2009,2014,2015,4624458,1541486,1956,Pending,34
2002,2007,2008,4620441,1155110,1957,No,34
2010,2015,2016,4601520,1533840,1958,No,35
2017,2022,2023,4600602,1533534,1959,No,36
1992,1997,1998,4600000,4600000,1960,No,33
2011,2016,2017,4598000,4598000,1961,Pending,34
2012,2017,2018,4592926,1148232,1962,Yes,38
2014,2019,2020,4585897,1146474,1963,Yes,39
2015,2020,2021,4568407,1522802,1964,Pending,35
2010,2015,2016,4567500,1522500,1965,No,38
2003,2008,2009,4566033,1141508,1966,Pending,37
2017,2022,2023,4544095,2272048,1967,No,37
2015,2020,2021,4543981,2271991,1968,Pending,36
2016,2021,2022,4528628,1509543,1969,Yes,35
2006,2011,2012,4524066,2262033,1970,Yes,31
2012,2017,2018,4505135,2252568,1971,No,38
2004,2009,2010,4500000,4500000,1972,Pending,34
2008,2013,2014,4500000,1500000,1973,Yes,33
2008,2013,2014,4500000,1500000,1974,No,34
2009,2014,2015,4500000,2250000,1975,Pending,37
2016,2021,2022,4500000,4500000,1976,Pending,30
2015,2020,2021,4500000,2250000,1977,Yes,30
2016,2021,2022,4473912,1491304,1978,No,31
2013,2018,2019,4471631,1117908,1979,Pending,35
2015,2020,2021,4463840,2231920,1980,Pending,33
2018,2023,2024,4461917,1487306,1981,No,37
2001,2006,2007,4461496,1115374,1982,Pending,34
2018,2023,2024,4456874,1485625,1983,Yes,36
2006,2011,2012,4451773,1112943,1984,Pending,39
2008,2013,2014,4450000,2225000,1985,No,36
2013,2018,2019,4449000,4449000,1986,No,36
2013,2018,2019,4449000,4449000,1987,No,37
2013,2018,2019,4449000,4449000,1988,Yes,35
2014,2019,2020,4400000,2200000,1989,No,34
2011,2016,2017,4389120,1463040,1990,Yes,39
2011,2016,2017,4374255,2187128,1991,No,38
2009,2014,2015,4372948,1093237,1992,Pending,34
1999,2004,2005,4352014,1088004,1993,Yes,36
2011,2016,2017,4347826,4347826,1994,Yes,37
2010,2015,2016,4347184,1449061,1995,Yes,33
2012,2017,2018,4328000,4328000,1996,Yes,32
2018,2023,2024,4324872,1441624,1997,Pending,34
2018,2023,2024,4324872,1441624,1998,No,30
